{
  "accuracy": 0.8157431838170625,
  "precision": 0.2,
  "recall": 0.02849740932642487,
  "f1": 0.049886621315192746,
  "auc": 0.500607189119171,
  "pr_auc": 0.1799064100900144,
  "mcc": 0.012688096836374941
}