{
  "trial": 87,
  "bucketer": "prefix",
  "encoder": "static",
  "model_type": "mlp",
  "params": {
    "lstm_units": 256,
    "conv_filters": 64,
    "kernel_size": 3,
    "dropout": 0.14260377419614056,
    "lr": 0.0042312013773159905,
    "batch_size": 32,
    "epochs": 24,
    "class_weight_pos": 3.1576192879814604,
    "threshold": 0.36590863362902987
  },
  "val_metrics": {
    "accuracy": 0.44808743169398907,
    "precision": 0.4166666666666667,
    "recall": 0.958904109589041,
    "f1": 0.5809128630705395,
    "auc": 0.5915317559153176,
    "pr_auc": 0.4835785269528633,
    "mcc": 0.12137649709611223,
    "best_threshold": 0.9962632060050964,
    "best_f1_on_val": 0.5809128630701171
  },
  "test_metrics": {
    "accuracy": 0.4342105263157895,
    "precision": 0.4106280193236715,
    "recall": 0.9239130434782609,
    "f1": 0.568561872909699,
    "auc": 0.5556665601023018,
    "pr_auc": 0.4485209379429549,
    "mcc": 0.045559724521355115
  },
  "score": 0.48453321843297803
}