{
  "trial": 48,
  "bucketer": "state",
  "encoder": "index",
  "model_type": "bilstm",
  "params": {
    "lstm_units": 256,
    "conv_filters": 64,
    "kernel_size": 3,
    "dropout": 0.2661382682968083,
    "lr": 0.0003225315858663556,
    "batch_size": 64,
    "epochs": 24,
    "class_weight_pos": 7.45506737392071,
    "threshold": 0.3211097902012795
  },
  "val_metrics": {
    "accuracy": 0.8653312912299669,
    "precision": 0.7618086625416468,
    "recall": 0.9769997070026369,
    "f1": 0.8560884029909821,
    "auc": 0.9176314771337375,
    "pr_auc": 0.8400144145698456,
    "mcc": 0.7532436862742536,
    "best_threshold": 0.8689401149749756,
    "best_f1_on_val": 0.8560884029904897
  },
  "test_metrics": {
    "accuracy": 0.8600762405099786,
    "precision": 0.7527009539859761,
    "recall": 0.9796905601253427,
    "f1": 0.8513249034190506,
    "auc": 0.9158232433179652,
    "pr_auc": 0.8369571445536117,
    "mcc": 0.7459010524702989
  },
  "score": 0.8412674722132434
}