{
  "trial": 140,
  "bucketer": "kmeans",
  "encoder": "last",
  "model_type": "mlp",
  "params": {
    "lstm_units": 256,
    "conv_filters": 64,
    "kernel_size": 3,
    "dropout": 0.1512209852658427,
    "lr": 0.0035425209646886497,
    "batch_size": 32,
    "epochs": 26,
    "class_weight_pos": 3.191240224846697,
    "threshold": 0.5144928376565799
  },
  "val_metrics": {
    "accuracy": 0.907103825136612,
    "precision": 0.8333333333333334,
    "recall": 0.958904109589041,
    "f1": 0.89171974522293,
    "auc": 0.915815691158157,
    "pr_auc": 0.8154802006138184,
    "mcc": 0.8172057274340282,
    "best_threshold": 1.0,
    "best_f1_on_val": 0.8917197452224324
  },
  "test_metrics": {
    "accuracy": 0.8508771929824561,
    "precision": 0.7788461538461539,
    "recall": 0.8804347826086957,
    "f1": 0.826530612244898,
    "auc": 0.8601742327365728,
    "pr_auc": 0.7380715061064032,
    "mcc": 0.7006467737386596
  },
  "score": 0.7646092379479515
}