{
  "trial": 64,
  "bucketer": "kmeans",
  "encoder": "last",
  "model_type": "mlp",
  "params": {
    "lstm_units": 128,
    "conv_filters": 64,
    "kernel_size": 5,
    "dropout": 0.11531755525482956,
    "lr": 0.005719372844260677,
    "batch_size": 32,
    "epochs": 23,
    "class_weight_pos": 3.1313320226063195,
    "threshold": 0.38050844224481556
  },
  "val_metrics": {
    "accuracy": 0.8852459016393442,
    "precision": 0.776595744680851,
    "recall": 1.0,
    "f1": 0.874251497005988,
    "auc": 0.9150062266500623,
    "pr_auc": 0.8010784027980182,
    "mcc": 0.7926768301520875,
    "best_threshold": 0.6497676968574524,
    "best_f1_on_val": 0.8742514970054958
  },
  "test_metrics": {
    "accuracy": 0.8377192982456141,
    "precision": 0.7131782945736435,
    "recall": 1.0,
    "f1": 0.832579185520362,
    "auc": 0.8831921355498721,
    "pr_auc": 0.7537074486012809,
    "mcc": 0.7205219266512475
  },
  "score": 0.7773689696770052
}