{
  "trial": 24,
  "bucketer": "state",
  "encoder": "index",
  "model_type": "bilstm",
  "params": {
    "lstm_units": 128,
    "conv_filters": 64,
    "kernel_size": 2,
    "dropout": 0.24917382584578007,
    "lr": 0.00016474303814240286,
    "batch_size": 32,
    "epochs": 26,
    "class_weight_pos": 3.4677455548536567,
    "threshold": 0.36848007559144236
  },
  "val_metrics": {
    "accuracy": 0.8652512087450074,
    "precision": 0.7593721110125842,
    "recall": 0.9827375720285184,
    "f1": 0.8567353845826371,
    "auc": 0.9182972723941039,
    "pr_auc": 0.841397590209058,
    "mcc": 0.7552431132854687,
    "best_threshold": 0.727084755897522,
    "best_f1_on_val": 0.8567353845821454
  },
  "test_metrics": {
    "accuracy": 0.8595877246372169,
    "precision": 0.7498472315373724,
    "recall": 0.9853309831570701,
    "f1": 0.8516101730777369,
    "auc": 0.9160309388609431,
    "pr_auc": 0.8362794385906269,
    "mcc": 0.7473323361805662
  },
  "score": 0.8408786589367598
}