{
  "trial": 145,
  "bucketer": "kmeans",
  "encoder": "last",
  "model_type": "mlp",
  "params": {
    "lstm_units": 256,
    "conv_filters": 64,
    "kernel_size": 3,
    "dropout": 0.16444096402273511,
    "lr": 0.00456211033251164,
    "batch_size": 32,
    "epochs": 25,
    "class_weight_pos": 4.074628844394444,
    "threshold": 0.4952503783563525
  },
  "val_metrics": {
    "accuracy": 0.9672131147540983,
    "precision": 0.9240506329113924,
    "recall": 1.0,
    "f1": 0.9605263157894737,
    "auc": 0.9695516811955167,
    "pr_auc": 0.9077541844365413,
    "mcc": 0.9346913239761164,
    "best_threshold": 0.9999933242797852,
    "best_f1_on_val": 0.9605263157889744
  },
  "test_metrics": {
    "accuracy": 0.9254385964912281,
    "precision": 0.8640776699029126,
    "recall": 0.967391304347826,
    "f1": 0.9128205128205128,
    "auc": 0.9582800511508951,
    "pr_auc": 0.8868117989743534,
    "mcc": 0.8521767710835498
  },
  "score": 0.8946144131282011
}