{
  "trial": 23,
  "bucketer": "state",
  "encoder": "index",
  "model_type": "bilstm",
  "params": {
    "lstm_units": 128,
    "conv_filters": 64,
    "kernel_size": 2,
    "dropout": 0.17992426737929207,
    "lr": 0.00010121778532196183,
    "batch_size": 32,
    "epochs": 26,
    "class_weight_pos": 3.244151834638627,
    "threshold": 0.3661945025308976
  },
  "val_metrics": {
    "accuracy": 0.8655415077529856,
    "precision": 0.7660969101666731,
    "recall": 0.9674040433636097,
    "f1": 0.855061829639381,
    "auc": 0.9178447416926993,
    "pr_auc": 0.8404681029322111,
    "mcc": 0.7501821273010836,
    "best_threshold": 0.7386241555213928,
    "best_f1_on_val": 0.8550618296388878
  },
  "test_metrics": {
    "accuracy": 0.8607409424352116,
    "precision": 0.7571679523409456,
    "recall": 0.9707794751273012,
    "f1": 0.8507702209826218,
    "auc": 0.9155532390324896,
    "pr_auc": 0.8359321693407644,
    "mcc": 0.743632244073731
  },
  "score": 0.8403835848333215
}