{
  "trial": 159,
  "bucketer": "kmeans",
  "encoder": "last",
  "model_type": "mlp",
  "params": {
    "lstm_units": 256,
    "conv_filters": 32,
    "kernel_size": 3,
    "dropout": 0.10770697849137766,
    "lr": 0.004180940994773878,
    "batch_size": 32,
    "epochs": 12,
    "class_weight_pos": 4.152166959560897,
    "threshold": 0.635286182559577
  },
  "val_metrics": {
    "accuracy": 0.9016393442622951,
    "precision": 0.8021978021978022,
    "recall": 1.0,
    "f1": 0.8902439024390244,
    "auc": 0.921544209215442,
    "pr_auc": 0.8088957371703255,
    "mcc": 0.8191026009780892,
    "best_threshold": 0.9999274611473083,
    "best_f1_on_val": 0.8902439024385304
  },
  "test_metrics": {
    "accuracy": 0.8640350877192983,
    "precision": 0.7479674796747967,
    "recall": 1.0,
    "f1": 0.8558139534883721,
    "auc": 0.8860294117647058,
    "pr_auc": 0.7479674796747967,
    "mcc": 0.7599176879083568
  },
  "score": 0.7803214218188693
}