{
  "trial": 12,
  "bucketer": "state",
  "encoder": "index",
  "model_type": "bilstm",
  "params": {
    "lstm_units": 256,
    "conv_filters": 64,
    "kernel_size": 2,
    "dropout": 0.35736261537995434,
    "lr": 0.006430004202488394,
    "batch_size": 32,
    "epochs": 13,
    "class_weight_pos": 4.366330782737751,
    "threshold": 0.42198511991931853
  },
  "val_metrics": {
    "accuracy": 0.8546502897984924,
    "precision": 0.73834252948177,
    "recall": 0.9997802519777322,
    "f1": 0.8493994648080154,
    "auc": 0.910016905281563,
    "pr_auc": 0.8253210892955817,
    "mcc": 0.7458224752742676,
    "best_threshold": 0.7607248425483704,
    "best_f1_on_val": 0.8493994648075268
  },
  "test_metrics": {
    "accuracy": 0.8475109715859949,
    "precision": 0.7283776265673814,
    "recall": 1.0,
    "f1": 0.8428454700770049,
    "auc": 0.9071104719550982,
    "pr_auc": 0.8220700893823616,
    "mcc": 0.7351670874461205
  },
  "score": 0.8283027035907545
}