{
  "trial": 89,
  "bucketer": "state",
  "encoder": "last",
  "model_type": "mlp",
  "params": {
    "lstm_units": 128,
    "conv_filters": 64,
    "kernel_size": 5,
    "dropout": 0.19983807421974242,
    "lr": 0.0003206395830690143,
    "batch_size": 32,
    "epochs": 25,
    "class_weight_pos": 5.669282029821356,
    "threshold": 0.3462586112115959
  },
  "val_metrics": {
    "accuracy": 0.912568306010929,
    "precision": 0.8202247191011236,
    "recall": 1.0,
    "f1": 0.9012345679012346,
    "auc": 0.9272727272727272,
    "pr_auc": 0.8202247191011236,
    "mcc": 0.837209236340407,
    "best_threshold": 1.0,
    "best_f1_on_val": 0.9012345679007394
  },
  "test_metrics": {
    "accuracy": 0.881578947368421,
    "precision": 0.782608695652174,
    "recall": 0.9782608695652174,
    "f1": 0.8695652173913043,
    "auc": 0.9060901534526855,
    "pr_auc": 0.7826694581917515,
    "mcc": 0.7795336635938526
  },
  "score": 0.8087381859516174
}