{
  "trial": 88,
  "bucketer": "state",
  "encoder": "last",
  "model_type": "mlp",
  "params": {
    "lstm_units": 128,
    "conv_filters": 32,
    "kernel_size": 5,
    "dropout": 0.1790391573869229,
    "lr": 0.003602909669798331,
    "batch_size": 32,
    "epochs": 26,
    "class_weight_pos": 4.434094417979183,
    "threshold": 0.31907865524627277
  },
  "val_metrics": {
    "accuracy": 0.912568306010929,
    "precision": 0.8202247191011236,
    "recall": 1.0,
    "f1": 0.9012345679012346,
    "auc": 0.9359277708592777,
    "pr_auc": 0.8388651325160275,
    "mcc": 0.837209236340407,
    "best_threshold": 0.004988221451640129,
    "best_f1_on_val": 0.9012345679007394
  },
  "test_metrics": {
    "accuracy": 0.8903508771929824,
    "precision": 0.7863247863247863,
    "recall": 1.0,
    "f1": 0.8803827751196173,
    "auc": 0.9197170716112532,
    "pr_auc": 0.8086638058017858,
    "mcc": 0.8011115957459438
  },
  "score": 0.8301794965971352
}