{
  "trial": 31,
  "bucketer": "state",
  "encoder": "index",
  "model_type": "bilstm",
  "params": {
    "lstm_units": 128,
    "conv_filters": 64,
    "kernel_size": 2,
    "dropout": 0.20679260539683794,
    "lr": 0.00015076011529794093,
    "batch_size": 32,
    "epochs": 24,
    "class_weight_pos": 4.906172594741301,
    "threshold": 0.3598247191777804
  },
  "val_metrics": {
    "accuracy": 0.8647206622821506,
    "precision": 0.7617911928565977,
    "recall": 0.9748754761207149,
    "f1": 0.8552609030931368,
    "auc": 0.9174749272406784,
    "pr_auc": 0.8393818746358761,
    "mcc": 0.7514998699001718,
    "best_threshold": 0.8026826977729797,
    "best_f1_on_val": 0.8552609030926442
  },
  "test_metrics": {
    "accuracy": 0.8594836146971202,
    "precision": 0.7528289930293611,
    "recall": 0.9772032902467686,
    "f1": 0.8504661746407813,
    "auc": 0.9154825571024563,
    "pr_auc": 0.8360624440783289,
    "mcc": 0.744022131207942
  },
  "score": 0.8403835632470646
}