{
  "trial": 115,
  "bucketer": "state",
  "encoder": "agg",
  "model_type": "mlp",
  "params": {
    "lstm_units": 128,
    "conv_filters": 64,
    "kernel_size": 5,
    "dropout": 0.28981945708693296,
    "lr": 0.004869494171413227,
    "batch_size": 32,
    "epochs": 24,
    "class_weight_pos": 3.000431563960336,
    "threshold": 0.41081284802861334
  },
  "val_metrics": {
    "accuracy": 0.8852459016393442,
    "precision": 0.8023255813953488,
    "recall": 0.9452054794520548,
    "f1": 0.8679245283018868,
    "auc": 0.8617683686176836,
    "pr_auc": 0.6798365747641948,
    "mcc": 0.7757333479100267,
    "best_threshold": 0.9990288615226746,
    "best_f1_on_val": 0.8679245283013901
  },
  "test_metrics": {
    "accuracy": 0.8640350877192983,
    "precision": 0.7961165048543689,
    "recall": 0.8913043478260869,
    "f1": 0.841025641025641,
    "auc": 0.8521819053708439,
    "pr_auc": 0.7007210027140637,
    "mcc": 0.7264302726877153
  },
  "score": 0.7428123942075369
}