{
  "trial": 0,
  "bucketer": "none",
  "encoder": "index",
  "model_type": "bilstm",
  "params": {
    "lstm_units": 64,
    "conv_filters": 64,
    "kernel_size": 3,
    "dropout": 0.2823899179716589,
    "lr": 0.0018153824105353116,
    "batch_size": 64,
    "epochs": 14,
    "class_weight_pos": 9.523264811787055,
    "threshold": 0.5610298518672312
  },
  "val_metrics": {
    "accuracy": 0.5225181937395518,
    "precision": 0.4598779022027585,
    "recall": 0.9435491747240942,
    "f1": 0.6183683103042716,
    "auc": 0.6793151353458736,
    "pr_auc": 0.5904070023526823,
    "mcc": 0.23347124405017153,
    "best_threshold": 0.8219135999679565,
    "best_f1_on_val": 0.618368310303831
  },
  "test_metrics": {
    "accuracy": 0.5192122881763142,
    "precision": 0.4573945901810552,
    "recall": 0.9435174304739522,
    "f1": 0.6161125924789145,
    "auc": 0.6784586954908424,
    "pr_auc": 0.5891836747134209,
    "mcc": 0.22895124253646426
  },
  "score": 0.5972623500430689
}