{
  "trial": 72,
  "bucketer": "state",
  "encoder": "last",
  "model_type": "mlp",
  "params": {
    "lstm_units": 128,
    "conv_filters": 64,
    "kernel_size": 5,
    "dropout": 0.12890125147482445,
    "lr": 0.003392735611146391,
    "batch_size": 32,
    "epochs": 24,
    "class_weight_pos": 3.5791073138809937,
    "threshold": 0.3153584854610388
  },
  "val_metrics": {
    "accuracy": 0.9617486338797814,
    "precision": 0.9125,
    "recall": 1.0,
    "f1": 0.954248366013072,
    "auc": 0.9518057285180572,
    "pr_auc": 0.8668539786320466,
    "mcc": 0.9243548118454397,
    "best_threshold": 0.9851852655410767,
    "best_f1_on_val": 0.9542483660125728
  },
  "test_metrics": {
    "accuracy": 0.9473684210526315,
    "precision": 0.9081632653061225,
    "recall": 0.967391304347826,
    "f1": 0.9368421052631579,
    "auc": 0.9549632352941176,
    "pr_auc": 0.8901975325380126,
    "mcc": 0.89311418126406
  },
  "score": 0.9041909043555563
}