{
  "trial": 14,
  "bucketer": "state",
  "encoder": "index",
  "model_type": "bilstm",
  "params": {
    "lstm_units": 128,
    "conv_filters": 32,
    "kernel_size": 2,
    "dropout": 0.370761886358916,
    "lr": 0.0005998542510287242,
    "batch_size": 32,
    "epochs": 9,
    "class_weight_pos": 4.335480155319246,
    "threshold": 0.4956859398544577
  },
  "val_metrics": {
    "accuracy": 0.8594952801385427,
    "precision": 0.7466375929930004,
    "recall": 0.9948969625940033,
    "f1": 0.8530723332984402,
    "auc": 0.9127772214534611,
    "pr_auc": 0.8313275480282413,
    "mcc": 0.7511107339952301,
    "best_threshold": 0.784379780292511,
    "best_f1_on_val": 0.8530723332979504
  },
  "test_metrics": {
    "accuracy": 0.8534772719992312,
    "precision": 0.7372552427296953,
    "recall": 0.9969839404622013,
    "f1": 0.8476704299463816,
    "auc": 0.911130649698535,
    "pr_auc": 0.8299925388207957,
    "mcc": 0.7427933392755822
  },
  "score": 0.8352959061584715
}