{
  "trial": 160,
  "bucketer": "kmeans",
  "encoder": "last",
  "model_type": "mlp",
  "params": {
    "lstm_units": 256,
    "conv_filters": 64,
    "kernel_size": 3,
    "dropout": 0.1879697049326016,
    "lr": 0.007534085385248292,
    "batch_size": 32,
    "epochs": 18,
    "class_weight_pos": 4.966072557449759,
    "threshold": 0.5392368773705805
  },
  "val_metrics": {
    "accuracy": 0.9672131147540983,
    "precision": 0.9240506329113924,
    "recall": 1.0,
    "f1": 0.9605263157894737,
    "auc": 0.9738480697384806,
    "pr_auc": 0.9069282190878121,
    "mcc": 0.9346913239761164,
    "best_threshold": 0.996618926525116,
    "best_f1_on_val": 0.9605263157889744
  },
  "test_metrics": {
    "accuracy": 0.956140350877193,
    "precision": 0.9270833333333334,
    "recall": 0.967391304347826,
    "f1": 0.9468085106382979,
    "auc": 0.9710677749360614,
    "pr_auc": 0.9100443142313371,
    "mcc": 0.9101200199155116
  },
  "score": 0.9210735731534254
}