{
  "trial": 168,
  "bucketer": "kmeans",
  "encoder": "last",
  "model_type": "mlp",
  "params": {
    "lstm_units": 256,
    "conv_filters": 64,
    "kernel_size": 2,
    "dropout": 0.16968759601620204,
    "lr": 0.006847464816436836,
    "batch_size": 32,
    "epochs": 18,
    "class_weight_pos": 4.990891082123445,
    "threshold": 0.5490909568317603
  },
  "val_metrics": {
    "accuracy": 0.9180327868852459,
    "precision": 0.8295454545454546,
    "recall": 1.0,
    "f1": 0.906832298136646,
    "auc": 0.9318181818181819,
    "pr_auc": 0.8295454545454546,
    "mcc": 0.8464192931607306,
    "best_threshold": 1.0,
    "best_f1_on_val": 0.9068322981361503
  },
  "test_metrics": {
    "accuracy": 0.8903508771929824,
    "precision": 0.7863247863247863,
    "recall": 1.0,
    "f1": 0.8803827751196173,
    "auc": 0.9080882352941176,
    "pr_auc": 0.7863247863247863,
    "mcc": 0.8011115957459438
  },
  "score": 0.8145421829632356
}