{
  "trial": 131,
  "bucketer": "kmeans",
  "encoder": "last",
  "model_type": "mlp",
  "params": {
    "lstm_units": 256,
    "conv_filters": 64,
    "kernel_size": 3,
    "dropout": 0.14957727529989642,
    "lr": 0.004089386568246732,
    "batch_size": 32,
    "epochs": 25,
    "class_weight_pos": 3.599820315203737,
    "threshold": 0.518836056426424
  },
  "val_metrics": {
    "accuracy": 0.9836065573770492,
    "precision": 0.9605263157894737,
    "recall": 1.0,
    "f1": 0.9798657718120806,
    "auc": 0.9772104607721046,
    "pr_auc": 0.9227082374761053,
    "mcc": 0.9666075437015117,
    "best_threshold": 0.9998420476913452,
    "best_f1_on_val": 0.9798657718115807
  },
  "test_metrics": {
    "accuracy": 0.9429824561403509,
    "precision": 0.8910891089108911,
    "recall": 0.9782608695652174,
    "f1": 0.9326424870466321,
    "auc": 0.9557624680306906,
    "pr_auc": 0.8732954554939791,
    "mcc": 0.8862913051534514
  },
  "score": 0.8910995649597749
}