{
  "trial": 21,
  "bucketer": "state",
  "encoder": "index",
  "model_type": "bilstm",
  "params": {
    "lstm_units": 128,
    "conv_filters": 64,
    "kernel_size": 2,
    "dropout": 0.18052869944499375,
    "lr": 0.00014433261944214477,
    "batch_size": 32,
    "epochs": 25,
    "class_weight_pos": 4.867412245935152,
    "threshold": 0.3783098138443988
  },
  "val_metrics": {
    "accuracy": 0.865641610859185,
    "precision": 0.7634832535885168,
    "recall": 0.9740209004785624,
    "f1": 0.8559963950818616,
    "auc": 0.9179569413164458,
    "pr_auc": 0.8398747878676528,
    "mcc": 0.7526635904589775,
    "best_threshold": 0.8032221794128418,
    "best_f1_on_val": 0.855996395081369
  },
  "test_metrics": {
    "accuracy": 0.8605487394688791,
    "precision": 0.7545043341451977,
    "recall": 0.9767920094007051,
    "f1": 0.8513779947594378,
    "auc": 0.9159017905595395,
    "pr_auc": 0.8362764426396792,
    "mcc": 0.7455462406845205
  },
  "score": 0.8408069082756067
}