{
  "trial": 134,
  "bucketer": "kmeans",
  "encoder": "last",
  "model_type": "mlp",
  "params": {
    "lstm_units": 256,
    "conv_filters": 64,
    "kernel_size": 3,
    "dropout": 0.16042528685178,
    "lr": 0.003954705148240585,
    "batch_size": 32,
    "epochs": 25,
    "class_weight_pos": 4.021433307070582,
    "threshold": 0.5139106289999761
  },
  "val_metrics": {
    "accuracy": 0.9508196721311475,
    "precision": 0.8902439024390244,
    "recall": 1.0,
    "f1": 0.9419354838709677,
    "auc": 0.9693648816936489,
    "pr_auc": 0.9449889976248789,
    "mcc": 0.9041049524069319,
    "best_threshold": 0.99696284532547,
    "best_f1_on_val": 0.9419354838704694
  },
  "test_metrics": {
    "accuracy": 0.9254385964912281,
    "precision": 0.8640776699029126,
    "recall": 0.967391304347826,
    "f1": 0.9128205128205128,
    "auc": 0.958519820971867,
    "pr_auc": 0.9083383228284696,
    "mcc": 0.8521767710835498
  },
  "score": 0.9096829798260825
}