{
  "trial": 139,
  "bucketer": "kmeans",
  "encoder": "last",
  "model_type": "mlp",
  "params": {
    "lstm_units": 256,
    "conv_filters": 64,
    "kernel_size": 3,
    "dropout": 0.17051186220842163,
    "lr": 0.002744290986551548,
    "batch_size": 32,
    "epochs": 25,
    "class_weight_pos": 3.4425466500811934,
    "threshold": 0.5207717043957056
  },
  "val_metrics": {
    "accuracy": 0.912568306010929,
    "precision": 0.8202247191011236,
    "recall": 1.0,
    "f1": 0.9012345679012346,
    "auc": 0.9272727272727274,
    "pr_auc": 0.8202247191011236,
    "mcc": 0.837209236340407,
    "best_threshold": 1.0,
    "best_f1_on_val": 0.9012345679007394
  },
  "test_metrics": {
    "accuracy": 0.8859649122807017,
    "precision": 0.7796610169491526,
    "recall": 1.0,
    "f1": 0.8761904761904762,
    "auc": 0.9044117647058824,
    "pr_auc": 0.7796610169491526,
    "mcc": 0.7941084154405992
  },
  "score": 0.8086198547215495
}