{
  "trial": 179,
  "bucketer": "prefix",
  "encoder": "last",
  "model_type": "mlp",
  "params": {
    "lstm_units": 256,
    "conv_filters": 64,
    "kernel_size": 3,
    "dropout": 0.1755051375353463,
    "lr": 0.00989627493217051,
    "batch_size": 32,
    "epochs": 20,
    "class_weight_pos": 2.254518511763391,
    "threshold": 0.5618230230597882
  },
  "val_metrics": {
    "accuracy": 0.994535519125683,
    "precision": 0.9864864864864865,
    "recall": 1.0,
    "f1": 0.9931972789115646,
    "auc": 0.9930261519302616,
    "pr_auc": 0.9809189833010492,
    "mcc": 0.9886953158169748,
    "best_threshold": 0.7903048992156982,
    "best_f1_on_val": 0.9931972789110647
  },
  "test_metrics": {
    "accuracy": 0.9473684210526315,
    "precision": 0.9347826086956522,
    "recall": 0.9347826086956522,
    "f1": 0.9347826086956522,
    "auc": 0.978420716112532,
    "pr_auc": 0.955285800560911,
    "mcc": 0.8906649616368286
  },
  "score": 0.9491348430013333
}