{
  "trial": 149,
  "bucketer": "kmeans",
  "encoder": "last",
  "model_type": "mlp",
  "params": {
    "lstm_units": 256,
    "conv_filters": 64,
    "kernel_size": 3,
    "dropout": 0.11068987731403176,
    "lr": 0.004153313929591707,
    "batch_size": 32,
    "epochs": 23,
    "class_weight_pos": 1.8476910293148658,
    "threshold": 0.5188139748605013
  },
  "val_metrics": {
    "accuracy": 0.9398907103825137,
    "precision": 0.8690476190476191,
    "recall": 1.0,
    "f1": 0.9299363057324841,
    "auc": 0.9394769613947695,
    "pr_auc": 0.8320610169839247,
    "mcc": 0.8843884085303567,
    "best_threshold": 0.9998963475227356,
    "best_f1_on_val": 0.9299363057319865
  },
  "test_metrics": {
    "accuracy": 0.9166666666666666,
    "precision": 0.8543689320388349,
    "recall": 0.9565217391304348,
    "f1": 0.9025641025641026,
    "auc": 0.928508631713555,
    "pr_auc": 0.8127888181743945,
    "mcc": 0.8342129855984306
  },
  "score": 0.8397214034913069
}