{
  "trial": 133,
  "bucketer": "kmeans",
  "encoder": "last",
  "model_type": "mlp",
  "params": {
    "lstm_units": 256,
    "conv_filters": 64,
    "kernel_size": 3,
    "dropout": 0.14766339026668068,
    "lr": 0.00404270269536259,
    "batch_size": 32,
    "epochs": 25,
    "class_weight_pos": 4.0406321189816445,
    "threshold": 0.5169731352750955
  },
  "val_metrics": {
    "accuracy": 0.994535519125683,
    "precision": 0.9864864864864865,
    "recall": 1.0,
    "f1": 0.9931972789115646,
    "auc": 0.9947073474470736,
    "pr_auc": 0.9882918718922051,
    "mcc": 0.9886953158169748,
    "best_threshold": 0.9996517896652222,
    "best_f1_on_val": 0.9931972789110647
  },
  "test_metrics": {
    "accuracy": 0.9736842105263158,
    "precision": 0.967391304347826,
    "recall": 0.967391304347826,
    "f1": 0.967391304347826,
    "auc": 0.9858136189258311,
    "pr_auc": 0.9626814275664927,
    "mcc": 0.9453324808184144
  },
  "score": 0.9640943906008927
}