{
  "trial": 22,
  "bucketer": "state",
  "encoder": "index",
  "model_type": "bilstm",
  "params": {
    "lstm_units": 128,
    "conv_filters": 64,
    "kernel_size": 2,
    "dropout": 0.16940174343627154,
    "lr": 0.00010686530558216239,
    "batch_size": 32,
    "epochs": 26,
    "class_weight_pos": 5.029226124227923,
    "threshold": 0.38489027077611837
  },
  "val_metrics": {
    "accuracy": 0.8651310850175681,
    "precision": 0.7614888394131415,
    "recall": 0.9770729563433929,
    "f1": 0.85591453046296,
    "auc": 0.9178892864534836,
    "pr_auc": 0.8397070052897313,
    "mcc": 0.752951852436215,
    "best_threshold": 0.8021296262741089,
    "best_f1_on_val": 0.8559145304624677
  },
  "test_metrics": {
    "accuracy": 0.8596357753788,
    "precision": 0.7520179169986021,
    "recall": 0.9798472385428907,
    "f1": 0.850946942316033,
    "auc": 0.9155591671712524,
    "pr_auc": 0.8358555294106311,
    "mcc": 0.7452697373285532
  },
  "score": 0.8403829532822515
}