{
  "trial": 126,
  "bucketer": "kmeans",
  "encoder": "last",
  "model_type": "mlp",
  "params": {
    "lstm_units": 256,
    "conv_filters": 64,
    "kernel_size": 3,
    "dropout": 0.13685748099355194,
    "lr": 0.004802783472382727,
    "batch_size": 32,
    "epochs": 25,
    "class_weight_pos": 3.93590179109784,
    "threshold": 0.5019117340783269
  },
  "val_metrics": {
    "accuracy": 0.9562841530054644,
    "precision": 0.9012345679012346,
    "recall": 1.0,
    "f1": 0.948051948051948,
    "auc": 0.9641967621419676,
    "pr_auc": 0.9088792489678924,
    "mcc": 0.9141609462727205,
    "best_threshold": 0.9999780654907227,
    "best_f1_on_val": 0.9480519480514493
  },
  "test_metrics": {
    "accuracy": 0.9122807017543859,
    "precision": 0.8333333333333334,
    "recall": 0.9782608695652174,
    "f1": 0.9,
    "auc": 0.9406170076726342,
    "pr_auc": 0.8708563651484811,
    "mcc": 0.8311587141961174
  },
  "score": 0.8795994556039367
}