{
  "trial": 51,
  "bucketer": "none",
  "encoder": "last",
  "model_type": "mlp",
  "params": {
    "lstm_units": 128,
    "conv_filters": 64,
    "kernel_size": 5,
    "dropout": 0.30499627429767406,
    "lr": 0.00010900256958887201,
    "batch_size": 32,
    "epochs": 28,
    "class_weight_pos": 1.5827194378349874,
    "threshold": 0.36432460830876345
  },
  "val_metrics": {
    "accuracy": 0.8852459016393442,
    "precision": 0.825,
    "recall": 0.9041095890410958,
    "f1": 0.8627450980392157,
    "auc": 0.8991282689912827,
    "pr_auc": 0.7862976007864693,
    "mcc": 0.7668739614698566,
    "best_threshold": 0.1618804633617401,
    "best_f1_on_val": 0.8627450980387168
  },
  "test_metrics": {
    "accuracy": 0.8245614035087719,
    "precision": 0.8023255813953488,
    "recall": 0.75,
    "f1": 0.7752808988764045,
    "auc": 0.8410326086956522,
    "pr_auc": 0.7322022984365091,
    "mcc": 0.6326302980460988
  },
  "score": 0.7451258785684777
}