{
  "trial": 6,
  "bucketer": "state",
  "encoder": "index",
  "model_type": "bilstm",
  "params": {
    "lstm_units": 64,
    "conv_filters": 64,
    "kernel_size": 3,
    "dropout": 0.39725532139851494,
    "lr": 0.0011592457433613633,
    "batch_size": 64,
    "epochs": 10,
    "class_weight_pos": 7.971230081794775,
    "threshold": 0.43242369675414905
  },
  "val_metrics": {
    "accuracy": 0.8589146821225863,
    "precision": 0.7455931831480398,
    "recall": 0.9955806231077253,
    "f1": 0.8526410438710217,
    "auc": 0.9126155936552708,
    "pr_auc": 0.8285601520633393,
    "mcc": 0.7505066736752745,
    "best_threshold": 0.8765252232551575,
    "best_f1_on_val": 0.852641043870532
  },
  "test_metrics": {
    "accuracy": 0.8526043501938046,
    "precision": 0.735881766566983,
    "recall": 0.9975910693301998,
    "f1": 0.8469807697104232,
    "auc": 0.9106523085240633,
    "pr_auc": 0.8279029170354831,
    "mcc": 0.7417385627291609
  },
  "score": 0.8336262728379651
}