{
  "trial": 99,
  "bucketer": "state",
  "encoder": "last",
  "model_type": "mlp",
  "params": {
    "lstm_units": 128,
    "conv_filters": 64,
    "kernel_size": 5,
    "dropout": 0.18327816211569453,
    "lr": 0.0038953557184251467,
    "batch_size": 32,
    "epochs": 22,
    "class_weight_pos": 5.285061824343999,
    "threshold": 0.5445450607652889
  },
  "val_metrics": {
    "accuracy": 0.8469945355191257,
    "precision": 0.7227722772277227,
    "recall": 1.0,
    "f1": 0.8390804597701149,
    "auc": 0.8727272727272728,
    "pr_auc": 0.7227722772277227,
    "mcc": 0.7340258029442417,
    "best_threshold": 1.0,
    "best_f1_on_val": 0.8390804597696279
  },
  "test_metrics": {
    "accuracy": 0.8114035087719298,
    "precision": 0.6814814814814815,
    "recall": 1.0,
    "f1": 0.8105726872246696,
    "auc": 0.8419117647058825,
    "pr_auc": 0.6814814814814815,
    "mcc": 0.6826515010570363
  },
  "score": 0.7202088432044378
}