{
  "trial": 38,
  "bucketer": "kmeans",
  "encoder": "index",
  "model_type": "bilstm",
  "params": {
    "lstm_units": 256,
    "conv_filters": 64,
    "kernel_size": 5,
    "dropout": 0.2772790962061009,
    "lr": 0.00021054081293362764,
    "batch_size": 64,
    "epochs": 29,
    "class_weight_pos": 7.617904006584947,
    "threshold": 0.3273055314787694
  },
  "val_metrics": {
    "accuracy": 0.5278236583681192,
    "precision": 0.46264115546041634,
    "recall": 0.93930071296025,
    "f1": 0.6199389246549404,
    "auc": 0.6836901739821534,
    "pr_auc": 0.595299944406322,
    "mcc": 0.2385974778586026,
    "best_threshold": 0.7719941139221191,
    "best_f1_on_val": 0.6199389246544981
  },
  "test_metrics": {
    "accuracy": 0.5262997725598232,
    "precision": 0.4611670058753504,
    "recall": 0.940795142969056,
    "f1": 0.6189377931247745,
    "auc": 0.6851754590031459,
    "pr_auc": 0.5938132143422981,
    "mcc": 0.23840765695057772
  },
  "score": 0.601350587977041
}