{
  "trial": 30,
  "bucketer": "state",
  "encoder": "index",
  "model_type": "bilstm",
  "params": {
    "lstm_units": 128,
    "conv_filters": 64,
    "kernel_size": 5,
    "dropout": 0.13895352733637173,
    "lr": 0.00015022770919749173,
    "batch_size": 32,
    "epochs": 23,
    "class_weight_pos": 2.236678581814285,
    "threshold": 0.4448540434544349
  },
  "val_metrics": {
    "accuracy": 0.8626184970519635,
    "precision": 0.7522135368428852,
    "recall": 0.9915274929192304,
    "f1": 0.8554485896652694,
    "auc": 0.9179639380383958,
    "pr_auc": 0.8404773970083977,
    "mcc": 0.7545478710110702,
    "best_threshold": 0.6258634924888611,
    "best_f1_on_val": 0.8554485896647787
  },
  "test_metrics": {
    "accuracy": 0.8569209084793542,
    "precision": 0.743079762148862,
    "recall": 0.9936545240893067,
    "f1": 0.8502907707519818,
    "auc": 0.9155823349669427,
    "pr_auc": 0.8361327582700965,
    "mcc": 0.7466109869459251
  },
  "score": 0.840380162014662
}