{
  "trial": 156,
  "bucketer": "kmeans",
  "encoder": "last",
  "model_type": "mlp",
  "params": {
    "lstm_units": 256,
    "conv_filters": 64,
    "kernel_size": 3,
    "dropout": 0.11815163166960538,
    "lr": 0.005119584737706206,
    "batch_size": 32,
    "epochs": 15,
    "class_weight_pos": 4.309451343814768,
    "threshold": 0.5869503922715777
  },
  "val_metrics": {
    "accuracy": 0.9398907103825137,
    "precision": 0.8690476190476191,
    "recall": 1.0,
    "f1": 0.9299363057324841,
    "auc": 0.9443960149439602,
    "pr_auc": 0.8805012552192031,
    "mcc": 0.8843884085303567,
    "best_threshold": 0.9955288767814636,
    "best_f1_on_val": 0.9299363057319865
  },
  "test_metrics": {
    "accuracy": 0.9210526315789473,
    "precision": 0.8557692307692307,
    "recall": 0.967391304347826,
    "f1": 0.9081632653061225,
    "auc": 0.9483695652173914,
    "pr_auc": 0.8867374964689405,
    "mcc": 0.8442400001767849
  },
  "score": 0.8931652271200949
}