{
  "trial": 154,
  "bucketer": "kmeans",
  "encoder": "last",
  "model_type": "mlp",
  "params": {
    "lstm_units": 256,
    "conv_filters": 64,
    "kernel_size": 3,
    "dropout": 0.11931828801687569,
    "lr": 0.0034702298905528316,
    "batch_size": 32,
    "epochs": 25,
    "class_weight_pos": 3.9166060426594607,
    "threshold": 0.5478134676892396
  },
  "val_metrics": {
    "accuracy": 0.9836065573770492,
    "precision": 0.9605263157894737,
    "recall": 1.0,
    "f1": 0.9798657718120806,
    "auc": 0.9775840597758405,
    "pr_auc": 0.9240409787798538,
    "mcc": 0.9666075437015117,
    "best_threshold": 0.9982635378837585,
    "best_f1_on_val": 0.9798657718115807
  },
  "test_metrics": {
    "accuracy": 0.956140350877193,
    "precision": 0.9361702127659575,
    "recall": 0.9565217391304348,
    "f1": 0.946236559139785,
    "auc": 0.9725463554987213,
    "pr_auc": 0.9259566099853713,
    "mcc": 0.9093566901696477
  },
  "score": 0.9320405947316954
}