{
  "trial": 66,
  "bucketer": "state",
  "encoder": "last",
  "model_type": "mlp",
  "params": {
    "lstm_units": 128,
    "conv_filters": 64,
    "kernel_size": 5,
    "dropout": 0.1472978444323599,
    "lr": 0.004784707835422317,
    "batch_size": 32,
    "epochs": 24,
    "class_weight_pos": 3.998470342479834,
    "threshold": 0.3417436160088458
  },
  "val_metrics": {
    "accuracy": 0.9672131147540983,
    "precision": 0.971830985915493,
    "recall": 0.9452054794520548,
    "f1": 0.9583333333333334,
    "auc": 0.9691158156911582,
    "pr_auc": 0.9517271363714828,
    "mcc": 0.9315590860470073,
    "best_threshold": 0.9886761903762817,
    "best_f1_on_val": 0.9583333333328334
  },
  "test_metrics": {
    "accuracy": 0.8859649122807017,
    "precision": 0.9342105263157895,
    "recall": 0.7717391304347826,
    "f1": 0.8452380952380952,
    "auc": 0.8910645780051151,
    "pr_auc": 0.8583639997780886,
    "mcc": 0.7649041278540626
  },
  "score": 0.8544262284160906
}