{
  "trial": 55,
  "bucketer": "kmeans",
  "encoder": "last",
  "model_type": "mlp",
  "params": {
    "lstm_units": 128,
    "conv_filters": 64,
    "kernel_size": 5,
    "dropout": 0.41065619585472257,
    "lr": 0.004649700748142743,
    "batch_size": 32,
    "epochs": 22,
    "class_weight_pos": 2.490393298164747,
    "threshold": 0.380969778072461
  },
  "val_metrics": {
    "accuracy": 0.9398907103825137,
    "precision": 0.8780487804878049,
    "recall": 0.9863013698630136,
    "f1": 0.9290322580645162,
    "auc": 0.9497509339975093,
    "pr_auc": 0.868810446799742,
    "mcc": 0.8816648050733542,
    "best_threshold": 0.9999999403953552,
    "best_f1_on_val": 0.9290322580640178
  },
  "test_metrics": {
    "accuracy": 0.8947368421052632,
    "precision": 0.8148148148148148,
    "recall": 0.9565217391304348,
    "f1": 0.88,
    "auc": 0.9179987212276215,
    "pr_auc": 0.8046346382595618,
    "mcc": 0.7953491550810919
  },
  "score": 0.8272442467816933
}