{
  "trial": 2,
  "bucketer": "state",
  "encoder": "index",
  "model_type": "cnn_lstm",
  "params": {
    "lstm_units": 64,
    "conv_filters": 64,
    "kernel_size": 2,
    "dropout": 0.26255169640574466,
    "lr": 0.002700097491511621,
    "batch_size": 32,
    "epochs": 27,
    "class_weight_pos": 4.490806950320576,
    "threshold": 0.673265257072131
  },
  "val_metrics": {
    "accuracy": 0.5216911764705883,
    "precision": 0.5121378230227095,
    "recall": 0.9596478356566398,
    "f1": 0.6678580546336482,
    "auc": 0.5733673012033471,
    "pr_auc": 0.5481139416285116,
    "mcc": 0.0865675531234286,
    "best_threshold": 0.7883821725845337,
    "best_f1_on_val": 0.6678580546331944
  },
  "test_metrics": {
    "accuracy": 0.49669471153846156,
    "precision": 0.48806451612903223,
    "recall": 0.9450343535290443,
    "f1": 0.6436928313124867,
    "auc": 0.5581129266703967,
    "pr_auc": 0.5186111812391577,
    "mcc": 0.05162148486956307
  },
  "score": 0.5561356762611563
}