{
  "trial": 11,
  "bucketer": "state",
  "encoder": "index",
  "model_type": "bilstm",
  "params": {
    "lstm_units": 256,
    "conv_filters": 32,
    "kernel_size": 2,
    "dropout": 0.37288373992937046,
    "lr": 0.009661207390174956,
    "batch_size": 32,
    "epochs": 9,
    "class_weight_pos": 4.172453325712594,
    "threshold": 0.6060339633155188
  },
  "val_metrics": {
    "accuracy": 0.8546202588666326,
    "precision": 0.7383025910098988,
    "recall": 0.9997802519777322,
    "f1": 0.8493730358754161,
    "auc": 0.9097970889076599,
    "pr_auc": 0.825521108655039,
    "mcc": 0.7457771042421006,
    "best_threshold": 0.7984358668327332,
    "best_f1_on_val": 0.8493730358749274
  },
  "test_metrics": {
    "accuracy": 0.8474869462152033,
    "precision": 0.7283464566929134,
    "recall": 1.0,
    "f1": 0.8428246013667426,
    "auc": 0.9071788257221349,
    "pr_auc": 0.8222995439907612,
    "mcc": 0.735131221911095
  },
  "score": 0.8284570612035556
}