{
  "trial": 169,
  "bucketer": "kmeans",
  "encoder": "last",
  "model_type": "mlp",
  "params": {
    "lstm_units": 256,
    "conv_filters": 64,
    "kernel_size": 3,
    "dropout": 0.19406517964130904,
    "lr": 0.006081286321980423,
    "batch_size": 32,
    "epochs": 14,
    "class_weight_pos": 4.7671895604880055,
    "threshold": 0.602646463607686
  },
  "val_metrics": {
    "accuracy": 0.8961748633879781,
    "precision": 0.7934782608695652,
    "recall": 1.0,
    "f1": 0.8848484848484849,
    "auc": 0.9136363636363636,
    "pr_auc": 0.7934782608695652,
    "mcc": 0.810199311837023,
    "best_threshold": 1.0,
    "best_f1_on_val": 0.8848484848479914
  },
  "test_metrics": {
    "accuracy": 0.868421052631579,
    "precision": 0.7540983606557377,
    "recall": 1.0,
    "f1": 0.8598130841121495,
    "auc": 0.8897058823529411,
    "pr_auc": 0.7540983606557377,
    "mcc": 0.7666505944956291
  },
  "score": 0.7858127776926611
}