{
  "trial": 45,
  "bucketer": "state",
  "encoder": "index",
  "model_type": "bilstm",
  "params": {
    "lstm_units": 256,
    "conv_filters": 64,
    "kernel_size": 3,
    "dropout": 0.2255021544807011,
    "lr": 0.0002739210938527681,
    "batch_size": 64,
    "epochs": 26,
    "class_weight_pos": 6.747688882360095,
    "threshold": 0.4263880864888173
  },
  "val_metrics": {
    "accuracy": 0.8643502807892129,
    "precision": 0.7572321612945616,
    "recall": 0.9848862193573591,
    "f1": 0.8561846643672062,
    "auc": 0.9182057309129603,
    "pr_auc": 0.8406145772695003,
    "mcc": 0.754641893123238,
    "best_threshold": 0.8566840291023254,
    "best_f1_on_val": 0.8561846643667147
  },
  "test_metrics": {
    "accuracy": 0.8580100586219047,
    "precision": 0.7471965112139551,
    "recall": 0.9865452408930669,
    "f1": 0.8503494378608326,
    "auc": 0.9161649122496421,
    "pr_auc": 0.8384769045359993,
    "mcc": 0.7453672430549114
  },
  "score": 0.8420386645334493
}