{
  "trial": 34,
  "bucketer": "state",
  "encoder": "index",
  "model_type": "bilstm",
  "params": {
    "lstm_units": 128,
    "conv_filters": 64,
    "kernel_size": 5,
    "dropout": 0.22077463906871378,
    "lr": 0.0002815962478820397,
    "batch_size": 32,
    "epochs": 27,
    "class_weight_pos": 5.972761414566915,
    "threshold": 0.3410276880551638
  },
  "val_metrics": {
    "accuracy": 0.8649008478733096,
    "precision": 0.7600674319051407,
    "recall": 0.9797587655044437,
    "f1": 0.8560426666666666,
    "auc": 0.9178836192744049,
    "pr_auc": 0.8402946121699149,
    "mcc": 0.7535752360823772,
    "best_threshold": 0.8311244249343872,
    "best_f1_on_val": 0.8560426666661745
  },
  "test_metrics": {
    "accuracy": 0.8592914117307877,
    "precision": 0.7505386318750374,
    "recall": 0.9824324324324324,
    "f1": 0.8509703467462849,
    "auc": 0.9159430251017471,
    "pr_auc": 0.8374483155356178,
    "mcc": 0.7457314301434977
  },
  "score": 0.8415049248988179
}