{
  "trial": 18,
  "bucketer": "kmeans",
  "encoder": "index",
  "model_type": "bilstm",
  "params": {
    "lstm_units": 256,
    "conv_filters": 32,
    "kernel_size": 3,
    "dropout": 0.44255070252104073,
    "lr": 0.008528465010933435,
    "batch_size": 32,
    "epochs": 27,
    "class_weight_pos": 5.666357940781819,
    "threshold": 0.5491002826392413
  },
  "val_metrics": {
    "accuracy": 0.6367647058823529,
    "precision": 0.5894134477825465,
    "recall": 0.9068231841526045,
    "f1": 0.7144508670520231,
    "auc": 0.6626905624000116,
    "pr_auc": 0.5972199280762898,
    "mcc": 0.32403999765460295,
    "best_threshold": 0.8543079495429993,
    "best_f1_on_val": 0.7144508670515455
  },
  "test_metrics": {
    "accuracy": 0.5964543269230769,
    "precision": 0.550390625,
    "recall": 0.8800749531542785,
    "f1": 0.677241047825042,
    "auc": 0.6383792411155883,
    "pr_auc": 0.5686049661098691,
    "mcc": 0.25330579905211253
  },
  "score": 0.601195790624421
}