{
  "trial": 39,
  "bucketer": "kmeans",
  "encoder": "agg",
  "model_type": "mlp",
  "params": {
    "lstm_units": 128,
    "conv_filters": 64,
    "kernel_size": 2,
    "dropout": 0.29848502280207767,
    "lr": 0.0006066859185896569,
    "batch_size": 32,
    "epochs": 19,
    "class_weight_pos": 5.481158439105528,
    "threshold": 0.5602036501027226
  },
  "val_metrics": {
    "accuracy": 0.8852459016393442,
    "precision": 0.8170731707317073,
    "recall": 0.9178082191780822,
    "f1": 0.864516129032258,
    "auc": 0.889975093399751,
    "pr_auc": 0.782703357013359,
    "mcc": 0.7694640684054656,
    "best_threshold": 1.0,
    "best_f1_on_val": 0.8645161290317597
  },
  "test_metrics": {
    "accuracy": 0.8377192982456141,
    "precision": 0.7619047619047619,
    "recall": 0.8695652173913043,
    "f1": 0.8121827411167513,
    "auc": 0.842391304347826,
    "pr_auc": 0.7151574588645527,
    "mcc": 0.6749579464030746
  },
  "score": 0.7442650435402122
}