{
  "trial": 117,
  "bucketer": "state",
  "encoder": "last",
  "model_type": "mlp",
  "params": {
    "lstm_units": 128,
    "conv_filters": 64,
    "kernel_size": 5,
    "dropout": 0.2541043504059041,
    "lr": 0.003012463681991944,
    "batch_size": 32,
    "epochs": 26,
    "class_weight_pos": 5.523918704136414,
    "threshold": 0.3469655944059362
  },
  "val_metrics": {
    "accuracy": 0.8633879781420765,
    "precision": 0.7448979591836735,
    "recall": 1.0,
    "f1": 0.8538011695906432,
    "auc": 0.8863636363636364,
    "pr_auc": 0.7448979591836735,
    "mcc": 0.7586850258573128,
    "best_threshold": 1.0,
    "best_f1_on_val": 0.853801169590154
  },
  "test_metrics": {
    "accuracy": 0.8201754385964912,
    "precision": 0.6917293233082706,
    "recall": 1.0,
    "f1": 0.8177777777777778,
    "auc": 0.8492647058823529,
    "pr_auc": 0.6917293233082706,
    "mcc": 0.6951210522714186
  },
  "score": 0.7295438596491228
}