{
  "trial": 62,
  "bucketer": "kmeans",
  "encoder": "last",
  "model_type": "mlp",
  "params": {
    "lstm_units": 128,
    "conv_filters": 64,
    "kernel_size": 5,
    "dropout": 0.20318544565484029,
    "lr": 0.005609057056427553,
    "batch_size": 32,
    "epochs": 27,
    "class_weight_pos": 3.615600453292648,
    "threshold": 0.34398613238709325
  },
  "val_metrics": {
    "accuracy": 0.994535519125683,
    "precision": 0.9864864864864865,
    "recall": 1.0,
    "f1": 0.9931972789115646,
    "auc": 0.9966376089663761,
    "pr_auc": 0.993834815678234,
    "mcc": 0.9886953158169748,
    "best_threshold": 0.19522270560264587,
    "best_f1_on_val": 0.9931972789110647
  },
  "test_metrics": {
    "accuracy": 0.9736842105263158,
    "precision": 0.967391304347826,
    "recall": 0.967391304347826,
    "f1": 0.967391304347826,
    "auc": 0.9789402173913043,
    "pr_auc": 0.9552081803935846,
    "mcc": 0.9453324808184144
  },
  "score": 0.958863117579857
}