{
  "trial": 71,
  "bucketer": "state",
  "encoder": "last",
  "model_type": "mlp",
  "params": {
    "lstm_units": 128,
    "conv_filters": 64,
    "kernel_size": 5,
    "dropout": 0.1394773834378189,
    "lr": 0.00462048028955981,
    "batch_size": 32,
    "epochs": 24,
    "class_weight_pos": 3.647285235461192,
    "threshold": 0.341239096855336
  },
  "val_metrics": {
    "accuracy": 0.9617486338797814,
    "precision": 0.9125,
    "recall": 1.0,
    "f1": 0.954248366013072,
    "auc": 0.9504981320049813,
    "pr_auc": 0.8507297267510352,
    "mcc": 0.9243548118454397,
    "best_threshold": 0.999981164932251,
    "best_f1_on_val": 0.9542483660125728
  },
  "test_metrics": {
    "accuracy": 0.9254385964912281,
    "precision": 0.8787878787878788,
    "recall": 0.9456521739130435,
    "f1": 0.9109947643979057,
    "auc": 0.9309862531969311,
    "pr_auc": 0.8138756588658937,
    "mcc": 0.8486780005615484
  },
  "score": 0.8430113905254972
}