{
  "trial": 52,
  "bucketer": "none",
  "encoder": "last",
  "model_type": "mlp",
  "params": {
    "lstm_units": 128,
    "conv_filters": 64,
    "kernel_size": 5,
    "dropout": 0.2969733053625195,
    "lr": 0.0039530918345739826,
    "batch_size": 32,
    "epochs": 28,
    "class_weight_pos": 1.4457004931897792,
    "threshold": 0.4036767975733949
  },
  "val_metrics": {
    "accuracy": 0.912568306010929,
    "precision": 0.8202247191011236,
    "recall": 1.0,
    "f1": 0.9012345679012346,
    "auc": 0.9272727272727272,
    "pr_auc": 0.8202247191011236,
    "mcc": 0.837209236340407,
    "best_threshold": 1.0,
    "best_f1_on_val": 0.9012345679007394
  },
  "test_metrics": {
    "accuracy": 0.8903508771929824,
    "precision": 0.7863247863247863,
    "recall": 1.0,
    "f1": 0.8803827751196173,
    "auc": 0.9080882352941176,
    "pr_auc": 0.7863247863247863,
    "mcc": 0.8011115957459438
  },
  "score": 0.8145421829632356
}