{
  "trial": 29,
  "bucketer": "none",
  "encoder": "index",
  "model_type": "bilstm",
  "params": {
    "lstm_units": 128,
    "conv_filters": 64,
    "kernel_size": 2,
    "dropout": 0.2961347400517055,
    "lr": 0.00037546368228565227,
    "batch_size": 32,
    "epochs": 28,
    "class_weight_pos": 2.276893161941771,
    "threshold": 0.39096685903126943
  },
  "val_metrics": {
    "accuracy": 0.5224080803227324,
    "precision": 0.45993403412191824,
    "recall": 0.9465279812481687,
    "f1": 0.619057504670957,
    "auc": 0.6814164464745659,
    "pr_auc": 0.5929804832672094,
    "mcc": 0.23599240029672042,
    "best_threshold": 0.4907867908477783,
    "best_f1_on_val": 0.6190575046705169
  },
  "test_metrics": {
    "accuracy": 0.5188519076144409,
    "precision": 0.45730622136392896,
    "recall": 0.9461026243634939,
    "f1": 0.6165824271200286,
    "auc": 0.6799893072998116,
    "pr_auc": 0.5873629063885668,
    "mcc": 0.23070020720287857
  },
  "score": 0.5961287626080053
}