{
  "trial": 157,
  "bucketer": "kmeans",
  "encoder": "last",
  "model_type": "mlp",
  "params": {
    "lstm_units": 256,
    "conv_filters": 64,
    "kernel_size": 3,
    "dropout": 0.11689637795629718,
    "lr": 0.0033846198620983772,
    "batch_size": 32,
    "epochs": 18,
    "class_weight_pos": 4.694869811291716,
    "threshold": 0.5752337870561708
  },
  "val_metrics": {
    "accuracy": 0.9180327868852459,
    "precision": 0.8295454545454546,
    "recall": 1.0,
    "f1": 0.906832298136646,
    "auc": 0.9318181818181819,
    "pr_auc": 0.8295454545454546,
    "mcc": 0.8464192931607306,
    "best_threshold": 1.0,
    "best_f1_on_val": 0.9068322981361503
  },
  "test_metrics": {
    "accuracy": 0.8947368421052632,
    "precision": 0.7931034482758621,
    "recall": 1.0,
    "f1": 0.8846153846153846,
    "auc": 0.9117647058823529,
    "pr_auc": 0.7931034482758621,
    "mcc": 0.8081732587924328
  },
  "score": 0.8205570291777189
}