{
  "trial": 141,
  "bucketer": "kmeans",
  "encoder": "last",
  "model_type": "mlp",
  "params": {
    "lstm_units": 256,
    "conv_filters": 64,
    "kernel_size": 3,
    "dropout": 0.144135529433171,
    "lr": 0.0043098587235589035,
    "batch_size": 32,
    "epochs": 25,
    "class_weight_pos": 3.6560843070467874,
    "threshold": 0.5316144367936704
  },
  "val_metrics": {
    "accuracy": 0.907103825136612,
    "precision": 0.8333333333333334,
    "recall": 0.958904109589041,
    "f1": 0.89171974522293,
    "auc": 0.915815691158157,
    "pr_auc": 0.8154802006138184,
    "mcc": 0.8172057274340282,
    "best_threshold": 1.0,
    "best_f1_on_val": 0.8917197452224324
  },
  "test_metrics": {
    "accuracy": 0.8421052631578947,
    "precision": 0.7745098039215687,
    "recall": 0.8586956521739131,
    "f1": 0.8144329896907216,
    "auc": 0.8583359974424551,
    "pr_auc": 0.7343245629676839,
    "mcc": 0.6803954647810571
  },
  "score": 0.7583570909845953
}