{
  "trial": 148,
  "bucketer": "kmeans",
  "encoder": "last",
  "model_type": "mlp",
  "params": {
    "lstm_units": 256,
    "conv_filters": 64,
    "kernel_size": 3,
    "dropout": 0.14034553070519723,
    "lr": 0.003696902933448831,
    "batch_size": 32,
    "epochs": 26,
    "class_weight_pos": 3.29106366304435,
    "threshold": 0.5104467574118106
  },
  "val_metrics": {
    "accuracy": 0.8743169398907104,
    "precision": 0.7604166666666666,
    "recall": 1.0,
    "f1": 0.863905325443787,
    "auc": 0.8954545454545455,
    "pr_auc": 0.7604166666666666,
    "mcc": 0.7755130266768281,
    "best_threshold": 1.0,
    "best_f1_on_val": 0.8639053254432962
  },
  "test_metrics": {
    "accuracy": 0.8333333333333334,
    "precision": 0.7076923076923077,
    "recall": 1.0,
    "f1": 0.8288288288288288,
    "auc": 0.8602941176470588,
    "pr_auc": 0.7076923076923077,
    "mcc": 0.7141111616066659
  },
  "score": 0.744033264033264
}