{
  "trial": 53,
  "bucketer": "none",
  "encoder": "last",
  "model_type": "mlp",
  "params": {
    "lstm_units": 128,
    "conv_filters": 64,
    "kernel_size": 5,
    "dropout": 0.49011642649135173,
    "lr": 0.00328408538106463,
    "batch_size": 32,
    "epochs": 27,
    "class_weight_pos": 1.2131272238241044,
    "threshold": 0.3949848365050516
  },
  "val_metrics": {
    "accuracy": 0.9234972677595629,
    "precision": 0.8390804597701149,
    "recall": 1.0,
    "f1": 0.9125,
    "auc": 0.9363636363636364,
    "pr_auc": 0.8390804597701149,
    "mcc": 0.8557385121951206,
    "best_threshold": 1.0,
    "best_f1_on_val": 0.9124999999995038
  },
  "test_metrics": {
    "accuracy": 0.8947368421052632,
    "precision": 0.7931034482758621,
    "recall": 1.0,
    "f1": 0.8846153846153846,
    "auc": 0.911764705882353,
    "pr_auc": 0.7931034482758621,
    "mcc": 0.8081732587924328
  },
  "score": 0.8205570291777189
}