{
  "trial": 178,
  "bucketer": "prefix",
  "encoder": "agg",
  "model_type": "mlp",
  "params": {
    "lstm_units": 256,
    "conv_filters": 64,
    "kernel_size": 3,
    "dropout": 0.2017982640909261,
    "lr": 0.006734278034866225,
    "batch_size": 32,
    "epochs": 19,
    "class_weight_pos": 4.342024566582772,
    "threshold": 0.5271975110187526
  },
  "val_metrics": {
    "accuracy": 0.8633879781420765,
    "precision": 0.8,
    "recall": 0.8767123287671232,
    "f1": 0.8366013071895425,
    "auc": 0.8635740971357408,
    "pr_auc": 0.7239101273528771,
    "mcc": 0.7218794327911187,
    "best_threshold": 0.9999991059303284,
    "best_f1_on_val": 0.8366013071890435
  },
  "test_metrics": {
    "accuracy": 0.8289473684210527,
    "precision": 0.7789473684210526,
    "recall": 0.8043478260869565,
    "f1": 0.7914438502673797,
    "auc": 0.8484654731457799,
    "pr_auc": 0.7617952296792534,
    "mcc": 0.6467648051568852
  },
  "score": 0.7706898158556912
}