{
  "trial": 107,
  "bucketer": "kmeans",
  "encoder": "last",
  "model_type": "mlp",
  "params": {
    "lstm_units": 128,
    "conv_filters": 64,
    "kernel_size": 5,
    "dropout": 0.21084110754470076,
    "lr": 0.005110233792511127,
    "batch_size": 32,
    "epochs": 28,
    "class_weight_pos": 3.8057351463680504,
    "threshold": 0.44345092510911854
  },
  "val_metrics": {
    "accuracy": 0.8907103825136612,
    "precision": 0.7849462365591398,
    "recall": 1.0,
    "f1": 0.8795180722891566,
    "auc": 0.9095890410958904,
    "pr_auc": 0.7599151649472599,
    "mcc": 0.8013917512695852,
    "best_threshold": 0.9947282671928406,
    "best_f1_on_val": 0.8795180722886639
  },
  "test_metrics": {
    "accuracy": 0.8201754385964912,
    "precision": 0.7007874015748031,
    "recall": 0.967391304347826,
    "f1": 0.8127853881278538,
    "auc": 0.8578164961636829,
    "pr_auc": 0.6927858840653343,
    "mcc": 0.6794794758426176
  },
  "score": 0.7287857352840901
}