{
  "trial": 27,
  "bucketer": "kmeans",
  "encoder": "index",
  "model_type": "bilstm",
  "params": {
    "lstm_units": 128,
    "conv_filters": 32,
    "kernel_size": 3,
    "dropout": 0.49186200647605444,
    "lr": 0.00366221882324324,
    "batch_size": 32,
    "epochs": 16,
    "class_weight_pos": 8.639390042256839,
    "threshold": 0.6837293500664235
  },
  "val_metrics": {
    "accuracy": 0.6363970588235294,
    "precision": 0.5893881453154876,
    "recall": 0.9046221570066031,
    "f1": 0.7137481910274964,
    "auc": 0.6700665174084433,
    "pr_auc": 0.6117285436689803,
    "mcc": 0.3222700868192427,
    "best_threshold": 0.9104539752006531,
    "best_f1_on_val": 0.7137481910270185
  },
  "test_metrics": {
    "accuracy": 0.5973557692307693,
    "precision": 0.551156409251274,
    "recall": 0.8782011242973142,
    "f1": 0.6772639691714836,
    "auc": 0.6370141056165317,
    "pr_auc": 0.5689733830691037,
    "mcc": 0.25416854366658337
  },
  "score": 0.6014605588998176
}