{
  "trial": 85,
  "bucketer": "state",
  "encoder": "last",
  "model_type": "mlp",
  "params": {
    "lstm_units": 64,
    "conv_filters": 64,
    "kernel_size": 5,
    "dropout": 0.1578563998205173,
    "lr": 0.0004113080422516156,
    "batch_size": 32,
    "epochs": 21,
    "class_weight_pos": 5.364717742926564,
    "threshold": 0.3565285043772163
  },
  "val_metrics": {
    "accuracy": 0.8633879781420765,
    "precision": 0.7448979591836735,
    "recall": 1.0,
    "f1": 0.8538011695906432,
    "auc": 0.8863636363636364,
    "pr_auc": 0.7448979591836735,
    "mcc": 0.7586850258573128,
    "best_threshold": 1.0,
    "best_f1_on_val": 0.853801169590154
  },
  "test_metrics": {
    "accuracy": 0.8421052631578947,
    "precision": 0.71875,
    "recall": 1.0,
    "f1": 0.8363636363636363,
    "auc": 0.8676470588235294,
    "pr_auc": 0.71875,
    "mcc": 0.7269749975472496
  },
  "score": 0.7540340909090908
}