{
  "trial": 19,
  "bucketer": "none",
  "encoder": "index",
  "model_type": "bilstm",
  "params": {
    "lstm_units": 128,
    "conv_filters": 64,
    "kernel_size": 2,
    "dropout": 0.11095903807009194,
    "lr": 0.00030576631744061195,
    "batch_size": 32,
    "epochs": 20,
    "class_weight_pos": 6.13763137094638,
    "threshold": 0.45447223957974736
  },
  "val_metrics": {
    "accuracy": 0.5237594722564242,
    "precision": 0.4605481183020015,
    "recall": 0.9433050102549078,
    "f1": 0.6189213652347348,
    "auc": 0.6808858602768065,
    "pr_auc": 0.5925025223845986,
    "mcc": 0.23533893905382722,
    "best_threshold": 0.7446901798248291,
    "best_f1_on_val": 0.6189213652342939
  },
  "test_metrics": {
    "accuracy": 0.5203014383188648,
    "precision": 0.4580043140720469,
    "recall": 0.9439678809244026,
    "f1": 0.6167616780872314,
    "auc": 0.6799860794745584,
    "pr_auc": 0.5881506215574155,
    "mcc": 0.2311996791139599
  },
  "score": 0.5967339385163603
}