{
  "trial": 75,
  "bucketer": "state",
  "encoder": "last",
  "model_type": "mlp",
  "params": {
    "lstm_units": 128,
    "conv_filters": 64,
    "kernel_size": 5,
    "dropout": 0.13125442842408613,
    "lr": 0.0050802767979369135,
    "batch_size": 32,
    "epochs": 27,
    "class_weight_pos": 4.438838422540376,
    "threshold": 0.31965963245407375
  },
  "val_metrics": {
    "accuracy": 0.9672131147540983,
    "precision": 0.935064935064935,
    "recall": 0.9863013698630136,
    "f1": 0.96,
    "auc": 0.9866749688667498,
    "pr_auc": 0.9741064696266144,
    "mcc": 0.9332078875222493,
    "best_threshold": 0.9997638463973999,
    "best_f1_on_val": 0.9599999999995004
  },
  "test_metrics": {
    "accuracy": 0.9692982456140351,
    "precision": 0.956989247311828,
    "recall": 0.967391304347826,
    "f1": 0.9621621621621622,
    "auc": 0.9872122762148337,
    "pr_auc": 0.9749704644063988,
    "mcc": 0.9363719046757104
  },
  "score": 0.9711279737331278
}