{
  "trial": 16,
  "bucketer": "state",
  "encoder": "index",
  "model_type": "bilstm",
  "params": {
    "lstm_units": 128,
    "conv_filters": 64,
    "kernel_size": 2,
    "dropout": 0.10156498819899437,
    "lr": 0.0004974721363196627,
    "batch_size": 32,
    "epochs": 14,
    "class_weight_pos": 5.670174488605735,
    "threshold": 0.5145350332743897
  },
  "val_metrics": {
    "accuracy": 0.8607265483447951,
    "precision": 0.7509884357655968,
    "recall": 0.9878406094345151,
    "f1": 0.8532832783220323,
    "auc": 0.917199750391758,
    "pr_auc": 0.8392790850214629,
    "mcc": 0.7501369277650787,
    "best_threshold": 0.8253211379051208,
    "best_f1_on_val": 0.8532832783215415
  },
  "test_metrics": {
    "accuracy": 0.854061889355159,
    "precision": 0.7407651811769537,
    "recall": 0.9893262828045437,
    "f1": 0.8471904270752099,
    "auc": 0.9152617745981168,
    "pr_auc": 0.8362100257285483,
    "mcc": 0.7404221434166952
  },
  "score": 0.8395041461325468
}