{
  "trial": 41,
  "bucketer": "state",
  "encoder": "index",
  "model_type": "bilstm",
  "params": {
    "lstm_units": 128,
    "conv_filters": 64,
    "kernel_size": 5,
    "dropout": 0.25099116739122934,
    "lr": 0.0018044828297229796,
    "batch_size": 64,
    "epochs": 25,
    "class_weight_pos": 9.023414754462696,
    "threshold": 0.31241329020757347
  },
  "val_metrics": {
    "accuracy": 0.8619077649979479,
    "precision": 0.7525242194908793,
    "recall": 0.9881336067975388,
    "f1": 0.8543832796748826,
    "auc": 0.9170504818120034,
    "pr_auc": 0.8385845465103172,
    "mcc": 0.7520899891627078,
    "best_threshold": 0.8809106349945068,
    "best_f1_on_val": 0.8543832796743916
  },
  "test_metrics": {
    "accuracy": 0.855759682224429,
    "precision": 0.7425970784702342,
    "recall": 0.9906384645515081,
    "f1": 0.8488693098384729,
    "auc": 0.9145666363129829,
    "pr_auc": 0.8349591410498374,
    "mcc": 0.7435720097338671
  },
  "score": 0.8391321916864279
}