{
  "trial": 7,
  "bucketer": "kmeans",
  "encoder": "index",
  "model_type": "cnn_lstm",
  "params": {
    "lstm_units": 256,
    "conv_filters": 32,
    "kernel_size": 3,
    "dropout": 0.4360544326892005,
    "lr": 0.0010968414801049702,
    "batch_size": 32,
    "epochs": 10,
    "class_weight_pos": 1.240212661656622,
    "threshold": 0.6619552191486656
  },
  "val_metrics": {
    "accuracy": 0.5275033284282812,
    "precision": 0.4623917520806485,
    "recall": 0.9373718136536772,
    "f1": 0.6192945807086455,
    "auc": 0.6827758554895242,
    "pr_auc": 0.5929081463670342,
    "mcc": 0.23639965113665523,
    "best_threshold": 0.37871822714805603,
    "best_f1_on_val": 0.6192945807082031
  },
  "test_metrics": {
    "accuracy": 0.5244658359227344,
    "precision": 0.46003286154910494,
    "recall": 0.9376615746180964,
    "f1": 0.617238111813734,
    "auc": 0.681682024422796,
    "pr_auc": 0.587583358980276,
    "mcc": 0.2326207103098736
  },
  "score": 0.5964797848303134
}