{
  "trial": 10,
  "bucketer": "prefix",
  "encoder": "index",
  "model_type": "cnn_lstm",
  "params": {
    "lstm_units": 128,
    "conv_filters": 64,
    "kernel_size": 2,
    "dropout": 0.10046257910446829,
    "lr": 0.00011836496592486006,
    "batch_size": 32,
    "epochs": 11,
    "class_weight_pos": 1.1218066386454595,
    "threshold": 0.698921972600307
  },
  "val_metrics": {
    "accuracy": 0.5216911764705883,
    "precision": 0.5121378230227095,
    "recall": 0.9596478356566398,
    "f1": 0.6678580546336482,
    "auc": 0.5717772199367319,
    "pr_auc": 0.5446925449131758,
    "mcc": 0.0865675531234286,
    "best_threshold": 0.4337405562400818,
    "best_f1_on_val": 0.6678580546331944
  },
  "test_metrics": {
    "accuracy": 0.49669471153846156,
    "precision": 0.48806451612903223,
    "recall": 0.9450343535290443,
    "f1": 0.6436928313124867,
    "auc": 0.5586216200283046,
    "pr_auc": 0.5191444681988656,
    "mcc": 0.05162148486956307
  },
  "score": 0.5565089771329519
}