{
  "trial": 101,
  "bucketer": "kmeans",
  "encoder": "last",
  "model_type": "mlp",
  "params": {
    "lstm_units": 128,
    "conv_filters": 64,
    "kernel_size": 5,
    "dropout": 0.23981491812400393,
    "lr": 0.005592381015953451,
    "batch_size": 32,
    "epochs": 24,
    "class_weight_pos": 3.22938211520946,
    "threshold": 0.5035701112260998
  },
  "val_metrics": {
    "accuracy": 0.907103825136612,
    "precision": 0.8333333333333334,
    "recall": 0.958904109589041,
    "f1": 0.89171974522293,
    "auc": 0.915815691158157,
    "pr_auc": 0.8154802006138184,
    "mcc": 0.8172057274340282,
    "best_threshold": 1.0,
    "best_f1_on_val": 0.8917197452224324
  },
  "test_metrics": {
    "accuracy": 0.8464912280701754,
    "precision": 0.7766990291262136,
    "recall": 0.8695652173913043,
    "f1": 0.8205128205128205,
    "auc": 0.8592551150895139,
    "pr_auc": 0.736204441132542,
    "mcc": 0.690502701717477
  },
  "score": 0.7614969549466255
}