{
  "trial": 37,
  "bucketer": "state",
  "encoder": "index",
  "model_type": "bilstm",
  "params": {
    "lstm_units": 128,
    "conv_filters": 64,
    "kernel_size": 5,
    "dropout": 0.2580254583972439,
    "lr": 0.00020900249088023472,
    "batch_size": 64,
    "epochs": 29,
    "class_weight_pos": 7.745411072577512,
    "threshold": 0.33954633587327737
  },
  "val_metrics": {
    "accuracy": 0.8644103426529325,
    "precision": 0.7571340124950752,
    "recall": 0.9853501318488134,
    "f1": 0.8562971450396257,
    "auc": 0.918149199139464,
    "pr_auc": 0.8407791890958206,
    "mcc": 0.7549142513231023,
    "best_threshold": 0.8614785671234131,
    "best_f1_on_val": 0.8562971450391343
  },
  "test_metrics": {
    "accuracy": 0.8584104814684307,
    "precision": 0.7474865802663186,
    "recall": 0.9872502937720329,
    "f1": 0.850799169606238,
    "auc": 0.916124780626228,
    "pr_auc": 0.837720550222792,
    "mcc": 0.7462709840596314
  },
  "score": 0.8416441360378257
}