{
  "trial": 163,
  "bucketer": "kmeans",
  "encoder": "last",
  "model_type": "mlp",
  "params": {
    "lstm_units": 256,
    "conv_filters": 64,
    "kernel_size": 3,
    "dropout": 0.1923566141147508,
    "lr": 0.009683322896715342,
    "batch_size": 32,
    "epochs": 16,
    "class_weight_pos": 4.507784780383457,
    "threshold": 0.5567820442020922
  },
  "val_metrics": {
    "accuracy": 0.9617486338797814,
    "precision": 0.9230769230769231,
    "recall": 0.9863013698630136,
    "f1": 0.9536423841059603,
    "auc": 0.9515566625155667,
    "pr_auc": 0.8436444221179584,
    "mcc": 0.922609623573203,
    "best_threshold": 0.9994962215423584,
    "best_f1_on_val": 0.9536423841054608
  },
  "test_metrics": {
    "accuracy": 0.9210526315789473,
    "precision": 0.8775510204081632,
    "recall": 0.9347826086956522,
    "f1": 0.9052631578947369,
    "auc": 0.9299072890025575,
    "pr_auc": 0.8063188256041824,
    "mcc": 0.8389380461111142
  },
  "score": 0.8360021252913487
}