{
  "trial": 61,
  "bucketer": "kmeans",
  "encoder": "last",
  "model_type": "mlp",
  "params": {
    "lstm_units": 128,
    "conv_filters": 64,
    "kernel_size": 5,
    "dropout": 0.17175673264861904,
    "lr": 0.0037952866083023873,
    "batch_size": 32,
    "epochs": 25,
    "class_weight_pos": 2.0260367521936544,
    "threshold": 0.4247382926617551
  },
  "val_metrics": {
    "accuracy": 0.9234972677595629,
    "precision": 0.8554216867469879,
    "recall": 0.9726027397260274,
    "f1": 0.9102564102564102,
    "auc": 0.944956413449564,
    "pr_auc": 0.8590682932274212,
    "mcc": 0.8493506402394537,
    "best_threshold": 0.9999998807907104,
    "best_f1_on_val": 0.9102564102559123
  },
  "test_metrics": {
    "accuracy": 0.8728070175438597,
    "precision": 0.7787610619469026,
    "recall": 0.9565217391304348,
    "f1": 0.8585365853658536,
    "auc": 0.9042918797953964,
    "pr_auc": 0.7795800668791711,
    "mcc": 0.7582023601232764
  },
  "score": 0.8032670224251759
}