{
  "trial": 98,
  "bucketer": "kmeans",
  "encoder": "last",
  "model_type": "mlp",
  "params": {
    "lstm_units": 128,
    "conv_filters": 64,
    "kernel_size": 5,
    "dropout": 0.29216888189869084,
    "lr": 0.0005442204695621016,
    "batch_size": 32,
    "epochs": 19,
    "class_weight_pos": 4.084818344362254,
    "threshold": 0.6970737546627599
  },
  "val_metrics": {
    "accuracy": 0.8415300546448088,
    "precision": 0.8055555555555556,
    "recall": 0.7945205479452054,
    "f1": 0.8,
    "auc": 0.8336239103362392,
    "pr_auc": 0.7219976545150585,
    "mcc": 0.6688322393992773,
    "best_threshold": 1.0,
    "best_f1_on_val": 0.7999999999995
  },
  "test_metrics": {
    "accuracy": 0.7763157894736842,
    "precision": 0.735632183908046,
    "recall": 0.6956521739130435,
    "f1": 0.7150837988826816,
    "auc": 0.7632672634271099,
    "pr_auc": 0.6345511454798917,
    "mcc": 0.5317665803779089
  },
  "score": 0.6587109415007286
}