{
  "trial": 91,
  "bucketer": "kmeans",
  "encoder": "last",
  "model_type": "mlp",
  "params": {
    "lstm_units": 128,
    "conv_filters": 64,
    "kernel_size": 5,
    "dropout": 0.12921545814364052,
    "lr": 0.004574612233885389,
    "batch_size": 32,
    "epochs": 29,
    "class_weight_pos": 3.4624484232599837,
    "threshold": 0.510805344707456
  },
  "val_metrics": {
    "accuracy": 0.8961748633879781,
    "precision": 0.813953488372093,
    "recall": 0.958904109589041,
    "f1": 0.8805031446540881,
    "auc": 0.9059775840597757,
    "pr_auc": 0.7968967876372866,
    "mcc": 0.798092649007449,
    "best_threshold": 1.0,
    "best_f1_on_val": 0.8805031446535913
  },
  "test_metrics": {
    "accuracy": 0.8333333333333334,
    "precision": 0.7647058823529411,
    "recall": 0.8478260869565217,
    "f1": 0.8041237113402062,
    "auc": 0.8389546035805627,
    "pr_auc": 0.7135331935978053,
    "mcc": 0.66241561244331
  },
  "score": 0.7407103489205256
}