{
  "trial": 151,
  "bucketer": "kmeans",
  "encoder": "last",
  "model_type": "mlp",
  "params": {
    "lstm_units": 256,
    "conv_filters": 64,
    "kernel_size": 3,
    "dropout": 0.13611549988905333,
    "lr": 0.005263835935220406,
    "batch_size": 32,
    "epochs": 17,
    "class_weight_pos": 4.442750026171393,
    "threshold": 0.5392503757265121
  },
  "val_metrics": {
    "accuracy": 0.994535519125683,
    "precision": 0.9864864864864865,
    "recall": 1.0,
    "f1": 0.9931972789115646,
    "auc": 0.9930261519302616,
    "pr_auc": 0.9809189833010492,
    "mcc": 0.9886953158169748,
    "best_threshold": 0.5711480379104614,
    "best_f1_on_val": 0.9931972789110647
  },
  "test_metrics": {
    "accuracy": 0.9605263157894737,
    "precision": 0.9662921348314607,
    "recall": 0.9347826086956522,
    "f1": 0.9502762430939227,
    "auc": 0.9839354219948848,
    "pr_auc": 0.9630759552534536,
    "mcc": 0.9179104890346097
  },
  "score": 0.9592360416055943
}