{
  "trial": 144,
  "bucketer": "kmeans",
  "encoder": "last",
  "model_type": "mlp",
  "params": {
    "lstm_units": 256,
    "conv_filters": 64,
    "kernel_size": 3,
    "dropout": 0.1477275377091417,
    "lr": 0.0032741849676735956,
    "batch_size": 32,
    "epochs": 26,
    "class_weight_pos": 3.4987859245973096,
    "threshold": 0.5450867253454282
  },
  "val_metrics": {
    "accuracy": 0.8743169398907104,
    "precision": 0.7604166666666666,
    "recall": 1.0,
    "f1": 0.863905325443787,
    "auc": 0.8666251556662515,
    "pr_auc": 0.7047459324492586,
    "mcc": 0.7755130266768281,
    "best_threshold": 0.9999718070030212,
    "best_f1_on_val": 0.8639053254432962
  },
  "test_metrics": {
    "accuracy": 0.8421052631578947,
    "precision": 0.7258064516129032,
    "recall": 0.9782608695652174,
    "f1": 0.8333333333333334,
    "auc": 0.8623321611253196,
    "pr_auc": 0.7072934385385758,
    "mcc": 0.7173363373378276
  },
  "score": 0.7451054069770031
}