{
  "trial": 161,
  "bucketer": "kmeans",
  "encoder": "last",
  "model_type": "mlp",
  "params": {
    "lstm_units": 256,
    "conv_filters": 64,
    "kernel_size": 3,
    "dropout": 0.18860196471010596,
    "lr": 0.008633077954048978,
    "batch_size": 32,
    "epochs": 15,
    "class_weight_pos": 4.923743529346326,
    "threshold": 0.5624200261802302
  },
  "val_metrics": {
    "accuracy": 0.9726775956284153,
    "precision": 0.9358974358974359,
    "recall": 1.0,
    "f1": 0.9668874172185431,
    "auc": 0.9772727272727272,
    "pr_auc": 0.9358974358974359,
    "mcc": 0.9451754563871426,
    "best_threshold": 1.0,
    "best_f1_on_val": 0.9668874172180435
  },
  "test_metrics": {
    "accuracy": 0.956140350877193,
    "precision": 0.9270833333333334,
    "recall": 0.967391304347826,
    "f1": 0.9468085106382979,
    "auc": 0.9720668158567775,
    "pr_auc": 0.9255039068218416,
    "mcc": 0.9101200199155116
  },
  "score": 0.9318952879667783
}