{
  "trial": 43,
  "bucketer": "state",
  "encoder": "index",
  "model_type": "bilstm",
  "params": {
    "lstm_units": 128,
    "conv_filters": 64,
    "kernel_size": 5,
    "dropout": 0.19928588835337435,
    "lr": 0.0001269909431095202,
    "batch_size": 64,
    "epochs": 30,
    "class_weight_pos": 2.8182852290053075,
    "threshold": 0.38792923357987147
  },
  "val_metrics": {
    "accuracy": 0.864009930228135,
    "precision": 0.7589841606267623,
    "recall": 0.9792704365660709,
    "f1": 0.8551690316527895,
    "auc": 0.9177970548279486,
    "pr_auc": 0.8394960333408863,
    "mcc": 0.7519832251704853,
    "best_threshold": 0.6844157576560974,
    "best_f1_on_val": 0.8551690316522974
  },
  "test_metrics": {
    "accuracy": 0.8585306083223885,
    "precision": 0.7499887712784273,
    "recall": 0.981081081081081,
    "f1": 0.8501098826504204,
    "auc": 0.9156060634428715,
    "pr_auc": 0.8366051844111421,
    "mcc": 0.74401601130665
  },
  "score": 0.8406565938829256
}