{
  "trial": 130,
  "bucketer": "kmeans",
  "encoder": "last",
  "model_type": "mlp",
  "params": {
    "lstm_units": 256,
    "conv_filters": 64,
    "kernel_size": 3,
    "dropout": 0.12457668611425692,
    "lr": 0.0007734841713234765,
    "batch_size": 32,
    "epochs": 24,
    "class_weight_pos": 3.8994143124088927,
    "threshold": 0.482287855028391
  },
  "val_metrics": {
    "accuracy": 0.8907103825136612,
    "precision": 0.7849462365591398,
    "recall": 1.0,
    "f1": 0.8795180722891566,
    "auc": 0.9047322540473225,
    "pr_auc": 0.7768297421295732,
    "mcc": 0.8013917512695852,
    "best_threshold": 0.00021673529408872128,
    "best_f1_on_val": 0.8795180722886639
  },
  "test_metrics": {
    "accuracy": 0.8464912280701754,
    "precision": 0.728,
    "recall": 0.9891304347826086,
    "f1": 0.8387096774193549,
    "auc": 0.8675671355498721,
    "pr_auc": 0.7183973925524616,
    "mcc": 0.7286363516069405
  },
  "score": 0.7544910780125296
}