{
  "trial": 96,
  "bucketer": "state",
  "encoder": "agg",
  "model_type": "mlp",
  "params": {
    "lstm_units": 128,
    "conv_filters": 64,
    "kernel_size": 2,
    "dropout": 0.15354366013280177,
    "lr": 0.00663406092821463,
    "batch_size": 64,
    "epochs": 24,
    "class_weight_pos": 5.056873552271515,
    "threshold": 0.3571732809746857
  },
  "val_metrics": {
    "accuracy": 0.7923497267759563,
    "precision": 0.6635514018691588,
    "recall": 0.9726027397260274,
    "f1": 0.7888888888888889,
    "auc": 0.8226650062266501,
    "pr_auc": 0.656300873155624,
    "mcc": 0.6412700411549397,
    "best_threshold": 1.0,
    "best_f1_on_val": 0.7888888888884067
  },
  "test_metrics": {
    "accuracy": 0.7192982456140351,
    "precision": 0.6014492753623188,
    "recall": 0.9021739130434783,
    "f1": 0.7217391304347827,
    "auc": 0.7618286445012787,
    "pr_auc": 0.5909988940541222,
    "mcc": 0.49960231042968417
  },
  "score": 0.6302209649683204
}