{
  "trial": 180,
  "bucketer": "prefix",
  "encoder": "last",
  "model_type": "mlp",
  "params": {
    "lstm_units": 256,
    "conv_filters": 64,
    "kernel_size": 3,
    "dropout": 0.18939285567196543,
    "lr": 0.008959984927295845,
    "batch_size": 32,
    "epochs": 20,
    "class_weight_pos": 2.3029266778645905,
    "threshold": 0.5690331315678124
  },
  "val_metrics": {
    "accuracy": 0.994535519125683,
    "precision": 0.9864864864864865,
    "recall": 1.0,
    "f1": 0.9931972789115646,
    "auc": 0.9933997509339976,
    "pr_auc": 0.9829772110622332,
    "mcc": 0.9886953158169748,
    "best_threshold": 0.3526494801044464,
    "best_f1_on_val": 0.9931972789110647
  },
  "test_metrics": {
    "accuracy": 0.9605263157894737,
    "precision": 0.9560439560439561,
    "recall": 0.9456521739130435,
    "f1": 0.9508196721311475,
    "auc": 0.9769021739130435,
    "pr_auc": 0.9363503256712145,
    "mcc": 0.9178925179522848
  },
  "score": 0.9406911296091942
}