{
  "trial": 164,
  "bucketer": "kmeans",
  "encoder": "last",
  "model_type": "mlp",
  "params": {
    "lstm_units": 256,
    "conv_filters": 64,
    "kernel_size": 3,
    "dropout": 0.1840826072759587,
    "lr": 0.005899367749174319,
    "batch_size": 32,
    "epochs": 18,
    "class_weight_pos": 4.787124101306182,
    "threshold": 0.5824754664899482
  },
  "val_metrics": {
    "accuracy": 0.9836065573770492,
    "precision": 0.9605263157894737,
    "recall": 1.0,
    "f1": 0.9798657718120806,
    "auc": 0.9767123287671232,
    "pr_auc": 0.9194780906545699,
    "mcc": 0.9666075437015117,
    "best_threshold": 0.9934324622154236,
    "best_f1_on_val": 0.9798657718115807
  },
  "test_metrics": {
    "accuracy": 0.9605263157894737,
    "precision": 0.946236559139785,
    "recall": 0.9565217391304348,
    "f1": 0.9513513513513514,
    "auc": 0.9703484654731458,
    "pr_auc": 0.9130951617384111,
    "mcc": 0.9181806304539941
  },
  "score": 0.9245720186222932
}