{
  "trial": 112,
  "bucketer": "state",
  "encoder": "last",
  "model_type": "mlp",
  "params": {
    "lstm_units": 128,
    "conv_filters": 64,
    "kernel_size": 5,
    "dropout": 0.26905282515612267,
    "lr": 0.004511970570037404,
    "batch_size": 32,
    "epochs": 21,
    "class_weight_pos": 6.094920765948315,
    "threshold": 0.5648552939657929
  },
  "val_metrics": {
    "accuracy": 0.8961748633879781,
    "precision": 0.95,
    "recall": 0.7808219178082192,
    "f1": 0.8571428571428571,
    "auc": 0.9409713574097136,
    "pr_auc": 0.8790545153475509,
    "mcc": 0.7860337601383742,
    "best_threshold": 0.9235848784446716,
    "best_f1_on_val": 0.8571428571423618
  },
  "test_metrics": {
    "accuracy": 0.8421052631578947,
    "precision": 0.9375,
    "recall": 0.6521739130434783,
    "f1": 0.7692307692307693,
    "auc": 0.9074488491048593,
    "pr_auc": 0.8140353694006282,
    "mcc": 0.6799448128614625
  },
  "score": 0.8005939893496705
}