{
  "trial": 162,
  "bucketer": "kmeans",
  "encoder": "last",
  "model_type": "mlp",
  "params": {
    "lstm_units": 256,
    "conv_filters": 64,
    "kernel_size": 3,
    "dropout": 0.18515588096195157,
    "lr": 0.00771068183784511,
    "batch_size": 32,
    "epochs": 15,
    "class_weight_pos": 4.946487934822542,
    "threshold": 0.5947313226055525
  },
  "val_metrics": {
    "accuracy": 0.8797814207650273,
    "precision": 0.7684210526315789,
    "recall": 1.0,
    "f1": 0.8690476190476191,
    "auc": 0.8999999999999999,
    "pr_auc": 0.7684210526315789,
    "mcc": 0.78405155576994,
    "best_threshold": 1.0,
    "best_f1_on_val": 0.8690476190471276
  },
  "test_metrics": {
    "accuracy": 0.8333333333333334,
    "precision": 0.7076923076923077,
    "recall": 1.0,
    "f1": 0.8288288288288288,
    "auc": 0.8602941176470588,
    "pr_auc": 0.7076923076923077,
    "mcc": 0.7141111616066659
  },
  "score": 0.744033264033264
}