{
  "trial": 46,
  "bucketer": "kmeans",
  "encoder": "index",
  "model_type": "bilstm",
  "params": {
    "lstm_units": 256,
    "conv_filters": 64,
    "kernel_size": 3,
    "dropout": 0.2251101160102132,
    "lr": 0.00038392390515188166,
    "batch_size": 64,
    "epochs": 19,
    "class_weight_pos": 7.0233259957932175,
    "threshold": 0.4330781076850724
  },
  "val_metrics": {
    "accuracy": 0.5325885662232099,
    "precision": 0.46501445280579573,
    "recall": 0.930925871667155,
    "f1": 0.6202184681204096,
    "auc": 0.683993633080789,
    "pr_auc": 0.5954460256750116,
    "mcc": 0.2394337552382776,
    "best_threshold": 0.7772471904754639,
    "best_f1_on_val": 0.6202184681199653
  },
  "test_metrics": {
    "accuracy": 0.5299356120062786,
    "precision": 0.4628750899437973,
    "recall": 0.9322953388170779,
    "f1": 0.6186144429572066,
    "auc": 0.6839501683643416,
    "pr_auc": 0.5919282604122654,
    "mcc": 0.23717821869470276
  },
  "score": 0.5999341151757478
}