{
  "trial": 44,
  "bucketer": "prefix",
  "encoder": "index",
  "model_type": "bilstm",
  "params": {
    "lstm_units": 128,
    "conv_filters": 64,
    "kernel_size": 5,
    "dropout": 0.24488547473438177,
    "lr": 0.00018483591797116203,
    "batch_size": 32,
    "epochs": 24,
    "class_weight_pos": 3.635152431650216,
    "threshold": 0.32563015385460414
  },
  "val_metrics": {
    "accuracy": 0.5263221117751283,
    "precision": 0.46177597827784655,
    "recall": 0.9384461373180975,
    "f1": 0.6189759157413297,
    "auc": 0.6810213396390625,
    "pr_auc": 0.5925703548882063,
    "mcc": 0.23535313224972174,
    "best_threshold": 0.6543669104576111,
    "best_f1_on_val": 0.6189759157408876
  },
  "test_metrics": {
    "accuracy": 0.5228160937950476,
    "precision": 0.4592155999732091,
    "recall": 0.9399529964747356,
    "f1": 0.6169965225328302,
    "auc": 0.6800873134359724,
    "pr_auc": 0.5890721639664863,
    "mcc": 0.2318511929431253
  },
  "score": 0.5974494715363894
}