{
  "trial": 92,
  "bucketer": "kmeans",
  "encoder": "last",
  "model_type": "mlp",
  "params": {
    "lstm_units": 128,
    "conv_filters": 64,
    "kernel_size": 5,
    "dropout": 0.1680865046912629,
    "lr": 0.005670321722056679,
    "batch_size": 32,
    "epochs": 22,
    "class_weight_pos": 4.247022310355748,
    "threshold": 0.5018027662191402
  },
  "val_metrics": {
    "accuracy": 0.994535519125683,
    "precision": 0.9864864864864865,
    "recall": 1.0,
    "f1": 0.9931972789115646,
    "auc": 0.9929016189290163,
    "pr_auc": 0.9801579482934389,
    "mcc": 0.9886953158169748,
    "best_threshold": 0.981147289276123,
    "best_f1_on_val": 0.9931972789110647
  },
  "test_metrics": {
    "accuracy": 0.9473684210526315,
    "precision": 0.9444444444444444,
    "recall": 0.9239130434782609,
    "f1": 0.9340659340659341,
    "auc": 0.983695652173913,
    "pr_auc": 0.965789794653443,
    "mcc": 0.8904280099180306
  },
  "score": 0.9562726364771903
}