{
  "trial": 128,
  "bucketer": "kmeans",
  "encoder": "static",
  "model_type": "mlp",
  "params": {
    "lstm_units": 256,
    "conv_filters": 64,
    "kernel_size": 3,
    "dropout": 0.1544966408115509,
    "lr": 0.005893771553875133,
    "batch_size": 32,
    "epochs": 26,
    "class_weight_pos": 3.3341460854970495,
    "threshold": 0.5018483816833417
  },
  "val_metrics": {
    "accuracy": 0.3989071038251366,
    "precision": 0.3989071038251366,
    "recall": 1.0,
    "f1": 0.5703125,
    "auc": 0.5594022415940223,
    "pr_auc": 0.44882188666435696,
    "mcc": 0.0,
    "best_threshold": 0.697887659072876,
    "best_f1_on_val": 0.5703124999995923
  },
  "test_metrics": {
    "accuracy": 0.3991228070175439,
    "precision": 0.39819004524886875,
    "recall": 0.9565217391304348,
    "f1": 0.5623003194888179,
    "auc": 0.5338075447570333,
    "pr_auc": 0.43207049628075933,
    "mcc": -0.060915283438613944
  },
  "score": 0.47113944324317686
}