{
  "trial": 17,
  "bucketer": "kmeans",
  "encoder": "index",
  "model_type": "bilstm",
  "params": {
    "lstm_units": 256,
    "conv_filters": 32,
    "kernel_size": 2,
    "dropout": 0.3346470371146543,
    "lr": 0.009147309478316394,
    "batch_size": 32,
    "epochs": 26,
    "class_weight_pos": 5.318835671655036,
    "threshold": 0.5170088705279023
  },
  "val_metrics": {
    "accuracy": 0.6360294117647058,
    "precision": 0.5889365760610396,
    "recall": 0.9060895084372708,
    "f1": 0.7138728323699421,
    "auc": 0.6660956395224673,
    "pr_auc": 0.6001535542400473,
    "mcc": 0.32229020006587505,
    "best_threshold": 0.8327242136001587,
    "best_f1_on_val": 0.7138728323694646
  },
  "test_metrics": {
    "accuracy": 0.5961538461538461,
    "precision": 0.5501757126122608,
    "recall": 0.8800749531542785,
    "f1": 0.6770783277270543,
    "auc": 0.6376105047258028,
    "pr_auc": 0.568107207673755,
    "mcc": 0.2527343967348484
  },
  "score": 0.6007985436897447
}