{
  "trial": 13,
  "bucketer": "state",
  "encoder": "index",
  "model_type": "bilstm",
  "params": {
    "lstm_units": 64,
    "conv_filters": 32,
    "kernel_size": 2,
    "dropout": 0.2334107370114557,
    "lr": 0.009297967945754056,
    "batch_size": 32,
    "epochs": 17,
    "class_weight_pos": 8.29672673060006,
    "threshold": 0.5901801962689548
  },
  "val_metrics": {
    "accuracy": 0.856021702353424,
    "precision": 0.7416122638249896,
    "recall": 0.9957515382361559,
    "f1": 0.8500943229074385,
    "auc": 0.9047801209165782,
    "pr_auc": 0.8114423506616497,
    "mcc": 0.7461606449514979,
    "best_threshold": 0.9440561532974243,
    "best_f1_on_val": 0.8500943229069492
  },
  "test_metrics": {
    "accuracy": 0.8492407982829868,
    "precision": 0.731343926279981,
    "recall": 0.9978848413631022,
    "f1": 0.8440722610143379,
    "auc": 0.9015027159106628,
    "pr_auc": 0.8073556570077577,
    "mcc": 0.7368032076626353
  },
  "score": 0.8183706382097318
}