{
  "trial": 33,
  "bucketer": "state",
  "encoder": "index",
  "model_type": "bilstm",
  "params": {
    "lstm_units": 128,
    "conv_filters": 64,
    "kernel_size": 2,
    "dropout": 0.14432757274615526,
    "lr": 0.00013902446906557633,
    "batch_size": 32,
    "epochs": 22,
    "class_weight_pos": 4.650093378327005,
    "threshold": 0.36856809860010203
  },
  "val_metrics": {
    "accuracy": 0.8621580227634463,
    "precision": 0.7513126756396983,
    "recall": 0.9922111534329524,
    "f1": 0.8551197340179285,
    "auc": 0.9178085101477879,
    "pr_auc": 0.8399254713235168,
    "mcc": 0.7541104287294881,
    "best_threshold": 0.7453126907348633,
    "best_f1_on_val": 0.855119734017438
  },
  "test_metrics": {
    "accuracy": 0.8559278598199699,
    "precision": 0.7414714644546995,
    "recall": 0.9943791617704661,
    "f1": 0.8495014054343462,
    "auc": 0.9156719543828223,
    "pr_auc": 0.8357498699510861,
    "mcc": 0.7453993913638574
  },
  "score": 0.839875330596064
}