{
  "trial": 9,
  "bucketer": "kmeans",
  "encoder": "index",
  "model_type": "bilstm",
  "params": {
    "lstm_units": 64,
    "conv_filters": 64,
    "kernel_size": 2,
    "dropout": 0.22564128035528133,
    "lr": 0.0006128491253662183,
    "batch_size": 32,
    "epochs": 15,
    "class_weight_pos": 3.216408764766959,
    "threshold": 0.396267611869265
  },
  "val_metrics": {
    "accuracy": 0.6308823529411764,
    "precision": 0.5843118835133866,
    "recall": 0.9126925898752751,
    "f1": 0.7124856815578465,
    "auc": 0.6701411284981382,
    "pr_auc": 0.6107363770501867,
    "mcc": 0.3158603733115961,
    "best_threshold": 0.7662625312805176,
    "best_f1_on_val": 0.7124856815573707
  },
  "test_metrics": {
    "accuracy": 0.5919471153846154,
    "precision": 0.5465338950593642,
    "recall": 0.891317926296065,
    "f1": 0.6775878442545109,
    "auc": 0.6349657694398442,
    "pr_auc": 0.5666807667255757,
    "mcc": 0.25002825888818336
  },
  "score": 0.5999528899842562
}