{
  "trial": 73,
  "bucketer": "state",
  "encoder": "last",
  "model_type": "mlp",
  "params": {
    "lstm_units": 128,
    "conv_filters": 64,
    "kernel_size": 5,
    "dropout": 0.10030404698048849,
    "lr": 0.0018941182220374867,
    "batch_size": 32,
    "epochs": 24,
    "class_weight_pos": 3.687501524087507,
    "threshold": 0.3095333697309138
  },
  "val_metrics": {
    "accuracy": 0.8743169398907104,
    "precision": 0.7604166666666666,
    "recall": 1.0,
    "f1": 0.863905325443787,
    "auc": 0.8954545454545455,
    "pr_auc": 0.7604166666666666,
    "mcc": 0.7755130266768281,
    "best_threshold": 1.0,
    "best_f1_on_val": 0.8639053254432962
  },
  "test_metrics": {
    "accuracy": 0.8333333333333334,
    "precision": 0.7076923076923077,
    "recall": 1.0,
    "f1": 0.8288288288288288,
    "auc": 0.8602941176470589,
    "pr_auc": 0.7076923076923077,
    "mcc": 0.7141111616066659
  },
  "score": 0.744033264033264
}