{
  "trial": 82,
  "bucketer": "state",
  "encoder": "last",
  "model_type": "mlp",
  "params": {
    "lstm_units": 128,
    "conv_filters": 64,
    "kernel_size": 5,
    "dropout": 0.10300479896608233,
    "lr": 0.004055455385256031,
    "batch_size": 32,
    "epochs": 23,
    "class_weight_pos": 3.312201753937415,
    "threshold": 0.33962003368384935
  },
  "val_metrics": {
    "accuracy": 0.9180327868852459,
    "precision": 0.8452380952380952,
    "recall": 0.9726027397260274,
    "f1": 0.9044585987261147,
    "auc": 0.92359900373599,
    "pr_auc": 0.779721897053903,
    "mcc": 0.8395999544661377,
    "best_threshold": 0.9998422265052795,
    "best_f1_on_val": 0.9044585987256171
  },
  "test_metrics": {
    "accuracy": 0.8640350877192983,
    "precision": 0.7747747747747747,
    "recall": 0.9347826086956522,
    "f1": 0.8472906403940886,
    "auc": 0.8830322890025575,
    "pr_auc": 0.7182680386794307,
    "mcc": 0.7370979782245287
  },
  "score": 0.756974819193828
}