{
  "trial": 147,
  "bucketer": "kmeans",
  "encoder": "agg",
  "model_type": "mlp",
  "params": {
    "lstm_units": 256,
    "conv_filters": 64,
    "kernel_size": 3,
    "dropout": 0.17129515022227704,
    "lr": 0.004485768778202629,
    "batch_size": 32,
    "epochs": 27,
    "class_weight_pos": 4.039162531295429,
    "threshold": 0.4257280256741757
  },
  "val_metrics": {
    "accuracy": 0.8688524590163934,
    "precision": 0.7752808988764045,
    "recall": 0.9452054794520548,
    "f1": 0.8518518518518519,
    "auc": 0.8816936488169365,
    "pr_auc": 0.7546576772297597,
    "mcc": 0.7479004107791744,
    "best_threshold": 1.0,
    "best_f1_on_val": 0.8518518518513567
  },
  "test_metrics": {
    "accuracy": 0.8245614035087719,
    "precision": 0.7452830188679245,
    "recall": 0.8586956521739131,
    "f1": 0.797979797979798,
    "auc": 0.8333200127877237,
    "pr_auc": 0.700580529433178,
    "mcc": 0.6493574559612281
  },
  "score": 0.7298003099971639
}