{
  "trial": 70,
  "bucketer": "state",
  "encoder": "last",
  "model_type": "mlp",
  "params": {
    "lstm_units": 128,
    "conv_filters": 32,
    "kernel_size": 5,
    "dropout": 0.179875397917654,
    "lr": 0.006223844611626397,
    "batch_size": 32,
    "epochs": 7,
    "class_weight_pos": 4.108092687694445,
    "threshold": 0.5280552702333886
  },
  "val_metrics": {
    "accuracy": 0.907103825136612,
    "precision": 0.8111111111111111,
    "recall": 1.0,
    "f1": 0.8957055214723927,
    "auc": 0.9227272727272727,
    "pr_auc": 0.8111111111111111,
    "mcc": 0.828104809645238,
    "best_threshold": 1.0,
    "best_f1_on_val": 0.8957055214718981
  },
  "test_metrics": {
    "accuracy": 0.8859649122807017,
    "precision": 0.7946428571428571,
    "recall": 0.967391304347826,
    "f1": 0.8725490196078431,
    "auc": 0.9119245524296674,
    "pr_auc": 0.7940430412763663,
    "mcc": 0.7833884422378512
  },
  "score": 0.8175948347758093
}