{
  "trial": 116,
  "bucketer": "kmeans",
  "encoder": "last",
  "model_type": "mlp",
  "params": {
    "lstm_units": 128,
    "conv_filters": 64,
    "kernel_size": 5,
    "dropout": 0.13036026775004633,
    "lr": 0.004104090956796375,
    "batch_size": 32,
    "epochs": 22,
    "class_weight_pos": 5.173296090657869,
    "threshold": 0.6768678741588969
  },
  "val_metrics": {
    "accuracy": 0.9016393442622951,
    "precision": 0.8021978021978022,
    "recall": 1.0,
    "f1": 0.8902439024390244,
    "auc": 0.8980074719800748,
    "pr_auc": 0.7514978149115067,
    "mcc": 0.8191026009780892,
    "best_threshold": 0.3419131636619568,
    "best_f1_on_val": 0.8902439024385304
  },
  "test_metrics": {
    "accuracy": 0.8728070175438597,
    "precision": 0.7647058823529411,
    "recall": 0.9891304347826086,
    "f1": 0.8625592417061612,
    "auc": 0.8942615089514065,
    "pr_auc": 0.7563810558756288,
    "mcc": 0.7692650085029686
  },
  "score": 0.7882345116247884
}