{
  "trial": 26,
  "bucketer": "kmeans",
  "encoder": "index",
  "model_type": "bilstm",
  "params": {
    "lstm_units": 128,
    "conv_filters": 32,
    "kernel_size": 3,
    "dropout": 0.4975184959106825,
    "lr": 0.0067189326026602545,
    "batch_size": 32,
    "epochs": 11,
    "class_weight_pos": 6.681727498524532,
    "threshold": 0.6875674416987149
  },
  "val_metrics": {
    "accuracy": 0.6363970588235294,
    "precision": 0.5893881453154876,
    "recall": 0.9046221570066031,
    "f1": 0.7137481910274964,
    "auc": 0.6668212053367474,
    "pr_auc": 0.6081976798789188,
    "mcc": 0.3222700868192427,
    "best_threshold": 0.8826524615287781,
    "best_f1_on_val": 0.7137481910270185
  },
  "test_metrics": {
    "accuracy": 0.5973557692307693,
    "precision": 0.551156409251274,
    "recall": 0.8782011242973142,
    "f1": 0.6772639691714836,
    "auc": 0.6388899236761043,
    "pr_auc": 0.5696083899711516,
    "mcc": 0.25416854366658337
  },
  "score": 0.6019050637312512
}