{
  "trial": 132,
  "bucketer": "kmeans",
  "encoder": "last",
  "model_type": "mlp",
  "params": {
    "lstm_units": 256,
    "conv_filters": 64,
    "kernel_size": 3,
    "dropout": 0.1389614925475546,
    "lr": 0.003929436998254611,
    "batch_size": 32,
    "epochs": 25,
    "class_weight_pos": 3.539357919704246,
    "threshold": 0.5169514106170684
  },
  "val_metrics": {
    "accuracy": 0.9836065573770492,
    "precision": 0.9605263157894737,
    "recall": 1.0,
    "f1": 0.9798657718120806,
    "auc": 0.9816936488169364,
    "pr_auc": 0.9452747515381149,
    "mcc": 0.9666075437015117,
    "best_threshold": 0.999992847442627,
    "best_f1_on_val": 0.9798657718115807
  },
  "test_metrics": {
    "accuracy": 0.9649122807017544,
    "precision": 0.9468085106382979,
    "recall": 0.967391304347826,
    "f1": 0.956989247311828,
    "auc": 0.9742247442455243,
    "pr_auc": 0.9287220073796301,
    "mcc": 0.9275183339466869
  },
  "score": 0.9372021793592894
}