{
  "trial": 155,
  "bucketer": "kmeans",
  "encoder": "index",
  "model_type": "bilstm",
  "params": {
    "lstm_units": 256,
    "conv_filters": 64,
    "kernel_size": 3,
    "dropout": 0.100321910536637,
    "lr": 0.005988167867592334,
    "batch_size": 32,
    "epochs": 17,
    "class_weight_pos": 3.9427592922997743,
    "threshold": 0.5515496292255023
  },
  "val_metrics": {
    "accuracy": 0.6470588235294118,
    "precision": 0.6042421107087429,
    "recall": 0.8569332355099046,
    "f1": 0.7087378640776699,
    "auc": 0.6608225818572863,
    "pr_auc": 0.6004681394168236,
    "mcc": 0.3232832796569248,
    "best_threshold": 0.8371077179908752,
    "best_f1_on_val": 0.7087378640771849
  },
  "test_metrics": {
    "accuracy": 0.6090745192307693,
    "precision": 0.5638841567291312,
    "recall": 0.8269831355402874,
    "f1": 0.6705495062041023,
    "auc": 0.6307566167208032,
    "pr_auc": 0.5666158399364856,
    "mcc": 0.2565568342296725
  },
  "score": 0.5977959398167705
}