{
  "trial": 58,
  "bucketer": "kmeans",
  "encoder": "agg",
  "model_type": "mlp",
  "params": {
    "lstm_units": 128,
    "conv_filters": 32,
    "kernel_size": 5,
    "dropout": 0.2802978030581805,
    "lr": 0.0028232448828110737,
    "batch_size": 32,
    "epochs": 21,
    "class_weight_pos": 2.518238020538467,
    "threshold": 0.5762036022393209
  },
  "val_metrics": {
    "accuracy": 0.8688524590163934,
    "precision": 0.7692307692307693,
    "recall": 0.958904109589041,
    "f1": 0.8536585365853658,
    "auc": 0.836986301369863,
    "pr_auc": 0.6389504229087031,
    "mcc": 0.7521449881226736,
    "best_threshold": 0.9895159602165222,
    "best_f1_on_val": 0.8536585365848718
  },
  "test_metrics": {
    "accuracy": 0.8596491228070176,
    "precision": 0.8,
    "recall": 0.8695652173913043,
    "f1": 0.8333333333333334,
    "auc": 0.8377557544757033,
    "pr_auc": 0.6720194559898354,
    "mcc": 0.7143319541116453
  },
  "score": 0.7204136191928847
}