{
  "trial": 114,
  "bucketer": "state",
  "encoder": "last",
  "model_type": "mlp",
  "params": {
    "lstm_units": 128,
    "conv_filters": 64,
    "kernel_size": 2,
    "dropout": 0.17680687831731515,
    "lr": 0.003609266699429919,
    "batch_size": 32,
    "epochs": 14,
    "class_weight_pos": 4.927719525505452,
    "threshold": 0.54058267849361
  },
  "val_metrics": {
    "accuracy": 0.907103825136612,
    "precision": 0.8333333333333334,
    "recall": 0.958904109589041,
    "f1": 0.89171974522293,
    "auc": 0.9229140722291407,
    "pr_auc": 0.833014447189161,
    "mcc": 0.8172057274340282,
    "best_threshold": 0.9999999403953552,
    "best_f1_on_val": 0.8917197452224324
  },
  "test_metrics": {
    "accuracy": 0.8377192982456141,
    "precision": 0.7722772277227723,
    "recall": 0.8478260869565217,
    "f1": 0.8082901554404145,
    "auc": 0.872961956521739,
    "pr_auc": 0.7674372947623801,
    "mcc": 0.6703229215677867
  },
  "score": 0.7796931529657904
}