{
  "trial": 94,
  "bucketer": "state",
  "encoder": "last",
  "model_type": "mlp",
  "params": {
    "lstm_units": 128,
    "conv_filters": 64,
    "kernel_size": 5,
    "dropout": 0.16861803240077575,
    "lr": 0.007644738393031165,
    "batch_size": 32,
    "epochs": 22,
    "class_weight_pos": 3.7688500934141063,
    "threshold": 0.49689621251781174
  },
  "val_metrics": {
    "accuracy": 0.9234972677595629,
    "precision": 0.8390804597701149,
    "recall": 1.0,
    "f1": 0.9125,
    "auc": 0.9354919053549191,
    "pr_auc": 0.8372349346193422,
    "mcc": 0.8557385121951206,
    "best_threshold": 0.020208558067679405,
    "best_f1_on_val": 0.9124999999995038
  },
  "test_metrics": {
    "accuracy": 0.8728070175438597,
    "precision": 0.7889908256880734,
    "recall": 0.9347826086956522,
    "f1": 0.8557213930348259,
    "auc": 0.8819133631713555,
    "pr_auc": 0.7620455609284258,
    "mcc": 0.7519957940263713
  },
  "score": 0.7901483105603457
}