{
  "trial": 100,
  "bucketer": "kmeans",
  "encoder": "index",
  "model_type": "bilstm",
  "params": {
    "lstm_units": 64,
    "conv_filters": 64,
    "kernel_size": 5,
    "dropout": 0.1085819174998608,
    "lr": 0.0033796527755911793,
    "batch_size": 32,
    "epochs": 20,
    "class_weight_pos": 2.962187339901316,
    "threshold": 0.37126654447434604
  },
  "val_metrics": {
    "accuracy": 0.63125,
    "precision": 0.5847457627118644,
    "recall": 0.9112252384446075,
    "f1": 0.7123601950100373,
    "auc": 0.6714906160334906,
    "pr_auc": 0.611792994681818,
    "mcc": 0.3158012561364893,
    "best_threshold": 0.7603472471237183,
    "best_f1_on_val": 0.712360195009561
  },
  "test_metrics": {
    "accuracy": 0.5925480769230769,
    "precision": 0.5472790428406021,
    "recall": 0.8856964397251718,
    "f1": 0.6765267175572519,
    "auc": 0.6363513394747854,
    "pr_auc": 0.5680417690434076,
    "mcc": 0.2484623834895823
  },
  "score": 0.6005872535975609
}