{
  "trial": 113,
  "bucketer": "state",
  "encoder": "last",
  "model_type": "mlp",
  "params": {
    "lstm_units": 128,
    "conv_filters": 64,
    "kernel_size": 5,
    "dropout": 0.27682603481121043,
    "lr": 0.0057373877682844274,
    "batch_size": 32,
    "epochs": 23,
    "class_weight_pos": 8.478610275784082,
    "threshold": 0.5087380152176795
  },
  "val_metrics": {
    "accuracy": 0.8688524590163934,
    "precision": 0.7578947368421053,
    "recall": 0.9863013698630136,
    "f1": 0.8571428571428571,
    "auc": 0.9032378580323785,
    "pr_auc": 0.7760961377597652,
    "mcc": 0.7617163386613006,
    "best_threshold": 0.999997079372406,
    "best_f1_on_val": 0.8571428571423656
  },
  "test_metrics": {
    "accuracy": 0.8289473684210527,
    "precision": 0.712,
    "recall": 0.967391304347826,
    "f1": 0.8202764976958525,
    "auc": 0.858016304347826,
    "pr_auc": 0.703676919563015,
    "mcc": 0.6927087806367022
  },
  "score": 0.7386567930028662
}