{
  "trial": 84,
  "bucketer": "state",
  "encoder": "last",
  "model_type": "mlp",
  "params": {
    "lstm_units": 128,
    "conv_filters": 64,
    "kernel_size": 5,
    "dropout": 0.12255811528523111,
    "lr": 0.006962561936908009,
    "batch_size": 32,
    "epochs": 27,
    "class_weight_pos": 4.90782454239551,
    "threshold": 0.32838273142796115
  },
  "val_metrics": {
    "accuracy": 0.912568306010929,
    "precision": 0.8202247191011236,
    "recall": 1.0,
    "f1": 0.9012345679012346,
    "auc": 0.9214196762141967,
    "pr_auc": 0.8085697672430011,
    "mcc": 0.837209236340407,
    "best_threshold": 0.5755208730697632,
    "best_f1_on_val": 0.9012345679007394
  },
  "test_metrics": {
    "accuracy": 0.8903508771929824,
    "precision": 0.7863247863247863,
    "recall": 1.0,
    "f1": 0.8803827751196173,
    "auc": 0.8894661125319693,
    "pr_auc": 0.754220268143082,
    "mcc": 0.8011115957459438
  },
  "score": 0.7920690202360425
}