{
  "trial": 67,
  "bucketer": "state",
  "encoder": "static",
  "model_type": "mlp",
  "params": {
    "lstm_units": 64,
    "conv_filters": 64,
    "kernel_size": 5,
    "dropout": 0.15791989128302877,
    "lr": 0.005310734604446557,
    "batch_size": 32,
    "epochs": 27,
    "class_weight_pos": 4.548513059533692,
    "threshold": 0.30514014821964375
  },
  "val_metrics": {
    "accuracy": 0.40437158469945356,
    "precision": 0.4010989010989011,
    "recall": 1.0,
    "f1": 0.5725490196078431,
    "auc": 0.5606475716064756,
    "pr_auc": 0.4606795399028956,
    "mcc": 0.060385044889886816,
    "best_threshold": 0.82079017162323,
    "best_f1_on_val": 0.5725490196074345
  },
  "test_metrics": {
    "accuracy": 0.41228070175438597,
    "precision": 0.4027777777777778,
    "recall": 0.9456521739130435,
    "f1": 0.564935064935065,
    "auc": 0.5692135549872122,
    "pr_auc": 0.48796640762659504,
    "mcc": -0.00632152171780217
  },
  "score": 0.511057004819136
}