{
  "trial": 8,
  "bucketer": "none",
  "encoder": "index",
  "model_type": "cnn_lstm",
  "params": {
    "lstm_units": 256,
    "conv_filters": 64,
    "kernel_size": 5,
    "dropout": 0.3854331879562216,
    "lr": 0.00028788622965876293,
    "batch_size": 64,
    "epochs": 7,
    "class_weight_pos": 9.651370815602926,
    "threshold": 0.4014187913695627
  },
  "val_metrics": {
    "accuracy": 0.5216911764705883,
    "precision": 0.5121378230227095,
    "recall": 0.9596478356566398,
    "f1": 0.6678580546336482,
    "auc": 0.5698424678753302,
    "pr_auc": 0.541225451992838,
    "mcc": 0.0865675531234286,
    "best_threshold": 0.8727858066558838,
    "best_f1_on_val": 0.6678580546331944
  },
  "test_metrics": {
    "accuracy": 0.49669471153846156,
    "precision": 0.48806451612903223,
    "recall": 0.9450343535290443,
    "f1": 0.6436928313124867,
    "auc": 0.5588046266682629,
    "pr_auc": 0.5194142013641854,
    "mcc": 0.05162148486956307
  },
  "score": 0.5566977903486757
}