{
  "trial": 42,
  "bucketer": "state",
  "encoder": "index",
  "model_type": "bilstm",
  "params": {
    "lstm_units": 128,
    "conv_filters": 64,
    "kernel_size": 5,
    "dropout": 0.29780244457547017,
    "lr": 0.0001788039926801031,
    "batch_size": 64,
    "epochs": 27,
    "class_weight_pos": 5.363166358095151,
    "threshold": 0.3524230779615209
  },
  "val_metrics": {
    "accuracy": 0.8647206622821506,
    "precision": 0.7628241964525151,
    "recall": 0.9723605820880945,
    "f1": 0.854940855713703,
    "auc": 0.9176469478014666,
    "pr_auc": 0.8398908272153366,
    "mcc": 0.750597466529751,
    "best_threshold": 0.8182243704795837,
    "best_f1_on_val": 0.8549408557132102
  },
  "test_metrics": {
    "accuracy": 0.8595636992664254,
    "precision": 0.7535087719298246,
    "recall": 0.9757540148844497,
    "f1": 0.8503498890595664,
    "auc": 0.9155064518188817,
    "pr_auc": 0.8362103189063209,
    "mcc": 0.7436016664182552
  },
  "score": 0.8404521899522945
}