{
  "trial": 170,
  "bucketer": "prefix",
  "encoder": "last",
  "model_type": "mlp",
  "params": {
    "lstm_units": 256,
    "conv_filters": 64,
    "kernel_size": 3,
    "dropout": 0.21426328850793433,
    "lr": 0.00645052264002001,
    "batch_size": 32,
    "epochs": 19,
    "class_weight_pos": 4.431456910243212,
    "threshold": 0.5395607865205974
  },
  "val_metrics": {
    "accuracy": 0.9726775956284153,
    "precision": 0.9358974358974359,
    "recall": 1.0,
    "f1": 0.9668874172185431,
    "auc": 0.9681195516811956,
    "pr_auc": 0.9128385937942785,
    "mcc": 0.9451754563871426,
    "best_threshold": 0.9999025464057922,
    "best_f1_on_val": 0.9668874172180435
  },
  "test_metrics": {
    "accuracy": 0.9517543859649122,
    "precision": 0.9175257731958762,
    "recall": 0.967391304347826,
    "f1": 0.9417989417989417,
    "auc": 0.9600783248081841,
    "pr_auc": 0.8910968692936556,
    "mcc": 0.9015694396938285
  },
  "score": 0.9063074910452414
}