{
  "trial": 181,
  "bucketer": "prefix",
  "encoder": "last",
  "model_type": "mlp",
  "params": {
    "lstm_units": 256,
    "conv_filters": 64,
    "kernel_size": 3,
    "dropout": 0.18586098217398175,
    "lr": 0.00981893446755302,
    "batch_size": 32,
    "epochs": 20,
    "class_weight_pos": 2.261939453953238,
    "threshold": 0.5834773992903788
  },
  "val_metrics": {
    "accuracy": 0.994535519125683,
    "precision": 0.9864864864864865,
    "recall": 1.0,
    "f1": 0.9931972789115646,
    "auc": 0.9967621419676214,
    "pr_auc": 0.9941202038060878,
    "mcc": 0.9886953158169748,
    "best_threshold": 0.7303368449211121,
    "best_f1_on_val": 0.9931972789110647
  },
  "test_metrics": {
    "accuracy": 0.9605263157894737,
    "precision": 0.946236559139785,
    "recall": 0.9565217391304348,
    "f1": 0.9513513513513514,
    "auc": 0.9751438618925831,
    "pr_auc": 0.9328877227583363,
    "mcc": 0.9181806304539941
  },
  "score": 0.9384268113362408
}