{
  "trial": 111,
  "bucketer": "state",
  "encoder": "last",
  "model_type": "mlp",
  "params": {
    "lstm_units": 128,
    "conv_filters": 64,
    "kernel_size": 5,
    "dropout": 0.28002604997491976,
    "lr": 0.004140434357119559,
    "batch_size": 32,
    "epochs": 25,
    "class_weight_pos": 5.64955744112867,
    "threshold": 0.5316201155998301
  },
  "val_metrics": {
    "accuracy": 0.8852459016393442,
    "precision": 0.776595744680851,
    "recall": 1.0,
    "f1": 0.874251497005988,
    "auc": 0.9045454545454545,
    "pr_auc": 0.776595744680851,
    "mcc": 0.7926768301520875,
    "best_threshold": 1.0,
    "best_f1_on_val": 0.8742514970054958
  },
  "test_metrics": {
    "accuracy": 0.8464912280701754,
    "precision": 0.7244094488188977,
    "recall": 1.0,
    "f1": 0.8401826484018264,
    "auc": 0.8713235294117647,
    "pr_auc": 0.7244094488188977,
    "mcc": 0.7334715717390337
  },
  "score": 0.7591414086937762
}