{
  "trial": 176,
  "bucketer": "prefix",
  "encoder": "last",
  "model_type": "mlp",
  "params": {
    "lstm_units": 64,
    "conv_filters": 32,
    "kernel_size": 3,
    "dropout": 0.22909204119301327,
    "lr": 0.0056770687905444,
    "batch_size": 32,
    "epochs": 19,
    "class_weight_pos": 4.914227748655495,
    "threshold": 0.5410684037533617
  },
  "val_metrics": {
    "accuracy": 0.9617486338797814,
    "precision": 0.9125,
    "recall": 1.0,
    "f1": 0.954248366013072,
    "auc": 0.9443337484433375,
    "pr_auc": 0.8224306737229767,
    "mcc": 0.9243548118454397,
    "best_threshold": 0.9103192090988159,
    "best_f1_on_val": 0.9542483660125728
  },
  "test_metrics": {
    "accuracy": 0.9342105263157895,
    "precision": 0.8811881188118812,
    "recall": 0.967391304347826,
    "f1": 0.9222797927461139,
    "auc": 0.9309063299232737,
    "pr_auc": 0.8126673441858366,
    "mcc": 0.868293939854646
  },
  "score": 0.8455510787539198
}