{
  "trial": 146,
  "bucketer": "kmeans",
  "encoder": "last",
  "model_type": "mlp",
  "params": {
    "lstm_units": 256,
    "conv_filters": 64,
    "kernel_size": 3,
    "dropout": 0.1626947677761338,
    "lr": 0.0025955342196080627,
    "batch_size": 32,
    "epochs": 25,
    "class_weight_pos": 3.8251687687674774,
    "threshold": 0.4972228929927599
  },
  "val_metrics": {
    "accuracy": 0.9508196721311475,
    "precision": 0.8902439024390244,
    "recall": 1.0,
    "f1": 0.9419354838709677,
    "auc": 0.959090909090909,
    "pr_auc": 0.8902439024390244,
    "mcc": 0.9041049524069319,
    "best_threshold": 1.0,
    "best_f1_on_val": 0.9419354838704694
  },
  "test_metrics": {
    "accuracy": 0.9166666666666666,
    "precision": 0.8348623853211009,
    "recall": 0.9891304347826086,
    "f1": 0.9054726368159204,
    "auc": 0.9331042199488492,
    "pr_auc": 0.8348787032672155,
    "mcc": 0.8414817235869207
  },
  "score": 0.856056883331827
}