{
  "trial": 25,
  "bucketer": "state",
  "encoder": "index",
  "model_type": "bilstm",
  "params": {
    "lstm_units": 128,
    "conv_filters": 64,
    "kernel_size": 2,
    "dropout": 0.22940650103129692,
    "lr": 0.00017953974905251952,
    "batch_size": 32,
    "epochs": 29,
    "class_weight_pos": 3.6306301198642554,
    "threshold": 0.3581467633775893
  },
  "val_metrics": {
    "accuracy": 0.8646105488653313,
    "precision": 0.7613920070133979,
    "recall": 0.9754614708467624,
    "f1": 0.8552345681655196,
    "auc": 0.9180481416607909,
    "pr_auc": 0.8407490337610135,
    "mcc": 0.751536585956723,
    "best_threshold": 0.7430394887924194,
    "best_f1_on_val": 0.8552345681650272
  },
  "test_metrics": {
    "accuracy": 0.8599080629144377,
    "precision": 0.7527521346927096,
    "recall": 0.9789463376419898,
    "f1": 0.8510765091986413,
    "auc": 0.9157339470959003,
    "pr_auc": 0.8366299861455792,
    "mcc": 0.7453524997419226
  },
  "score": 0.8409639430614978
}