{
  "trial": 32,
  "bucketer": "state",
  "encoder": "index",
  "model_type": "bilstm",
  "params": {
    "lstm_units": 128,
    "conv_filters": 64,
    "kernel_size": 2,
    "dropout": 0.2784839433233166,
    "lr": 0.0002333230804532721,
    "batch_size": 32,
    "epochs": 28,
    "class_weight_pos": 3.8676191923653747,
    "threshold": 0.4002438179392304
  },
  "val_metrics": {
    "accuracy": 0.8617676206492687,
    "precision": 0.7523283698622497,
    "recall": 0.9881336067975388,
    "f1": 0.8542570370135832,
    "auc": 0.9176346337365356,
    "pr_auc": 0.8398567560945971,
    "mcc": 0.7518719415674711,
    "best_threshold": 0.7549827694892883,
    "best_f1_on_val": 0.8542570370130924
  },
  "test_metrics": {
    "accuracy": 0.855078963385335,
    "precision": 0.7421615585789427,
    "recall": 0.9892871132001567,
    "f1": 0.8480885142962676,
    "auc": 0.9158370808160302,
    "pr_auc": 0.8375139262550702,
    "mcc": 0.7419661797518234
  },
  "score": 0.8406863026674294
}