{
  "trial": 166,
  "bucketer": "kmeans",
  "encoder": "static",
  "model_type": "mlp",
  "params": {
    "lstm_units": 256,
    "conv_filters": 64,
    "kernel_size": 3,
    "dropout": 0.17589509064011097,
    "lr": 0.008336657531084257,
    "batch_size": 32,
    "epochs": 18,
    "class_weight_pos": 5.164726840462991,
    "threshold": 0.5802180042238885
  },
  "val_metrics": {
    "accuracy": 0.40437158469945356,
    "precision": 0.4010989010989011,
    "recall": 1.0,
    "f1": 0.5725490196078431,
    "auc": 0.5529265255292654,
    "pr_auc": 0.44797681560977426,
    "mcc": 0.060385044889886816,
    "best_threshold": 0.5851962566375732,
    "best_f1_on_val": 0.5725490196074345
  },
  "test_metrics": {
    "accuracy": 0.41228070175438597,
    "precision": 0.40625,
    "recall": 0.9891304347826086,
    "f1": 0.5759493670886076,
    "auc": 0.545636189258312,
    "pr_auc": 0.435906052954507,
    "mcc": 0.041812935931995934
  },
  "score": 0.47791904719473716
}