{
  "trial": 49,
  "bucketer": "state",
  "encoder": "index",
  "model_type": "bilstm",
  "params": {
    "lstm_units": 256,
    "conv_filters": 32,
    "kernel_size": 3,
    "dropout": 0.26664388175399506,
    "lr": 0.000833915335683821,
    "batch_size": 64,
    "epochs": 22,
    "class_weight_pos": 7.471535234514616,
    "threshold": 0.3199641185271551
  },
  "val_metrics": {
    "accuracy": 0.8645905282440914,
    "precision": 0.759424950345219,
    "recall": 0.9802470944428167,
    "f1": 0.8558211914176996,
    "auc": 0.9180441205133683,
    "pr_auc": 0.8406684363025653,
    "mcc": 0.7532658123345471,
    "best_threshold": 0.8667412996292114,
    "best_f1_on_val": 0.8558211914172076
  },
  "test_metrics": {
    "accuracy": 0.8591152256783163,
    "precision": 0.7502841758899192,
    "recall": 0.9824520172346259,
    "f1": 0.8508141112618725,
    "auc": 0.9154387587682642,
    "pr_auc": 0.8359653379329015,
    "mcc": 0.7454639271081125
  },
  "score": 0.8404199699315927
}