{
  "trial": 65,
  "bucketer": "kmeans",
  "encoder": "last",
  "model_type": "mlp",
  "params": {
    "lstm_units": 128,
    "conv_filters": 64,
    "kernel_size": 5,
    "dropout": 0.26091744265096645,
    "lr": 0.002994223681793273,
    "batch_size": 32,
    "epochs": 20,
    "class_weight_pos": 5.2287625776431454,
    "threshold": 0.49174655013969765
  },
  "val_metrics": {
    "accuracy": 0.9234972677595629,
    "precision": 0.8390804597701149,
    "recall": 1.0,
    "f1": 0.9125,
    "auc": 0.9363636363636364,
    "pr_auc": 0.8390804597701149,
    "mcc": 0.8557385121951206,
    "best_threshold": 1.0,
    "best_f1_on_val": 0.9124999999995038
  },
  "test_metrics": {
    "accuracy": 0.8903508771929824,
    "precision": 0.7964601769911505,
    "recall": 0.9782608695652174,
    "f1": 0.8780487804878049,
    "auc": 0.9136029411764706,
    "pr_auc": 0.7965180602525938,
    "mcc": 0.7939636630004189
  },
  "score": 0.8209772763231571
}