{
  "trial": 3,
  "bucketer": "kmeans",
  "encoder": "index",
  "model_type": "cnn_lstm",
  "params": {
    "lstm_units": 128,
    "conv_filters": 64,
    "kernel_size": 2,
    "dropout": 0.41145555955445756,
    "lr": 0.0009304584403828086,
    "batch_size": 32,
    "epochs": 11,
    "class_weight_pos": 2.8192822623501455,
    "threshold": 0.45073495991243495
  },
  "val_metrics": {
    "accuracy": 0.6363970588235294,
    "precision": 0.5893881453154876,
    "recall": 0.9046221570066031,
    "f1": 0.7137481910274964,
    "auc": 0.6669709681762076,
    "pr_auc": 0.6080630909808085,
    "mcc": 0.3222700868192427,
    "best_threshold": 0.7300828695297241,
    "best_f1_on_val": 0.7137481910270185
  },
  "test_metrics": {
    "accuracy": 0.5973557692307693,
    "precision": 0.551156409251274,
    "recall": 0.8782011242973142,
    "f1": 0.6772639691714836,
    "auc": 0.6391723904464747,
    "pr_auc": 0.570206760006493,
    "mcc": 0.25416854366658337
  },
  "score": 0.6023239227559901
}