{
  "trial": 4,
  "bucketer": "kmeans",
  "encoder": "index",
  "model_type": "bilstm",
  "params": {
    "lstm_units": 256,
    "conv_filters": 32,
    "kernel_size": 2,
    "dropout": 0.40516832183718887,
    "lr": 0.0030645233200373534,
    "batch_size": 32,
    "epochs": 7,
    "class_weight_pos": 2.7159811189010354,
    "threshold": 0.6431623858080766
  },
  "val_metrics": {
    "accuracy": 0.5265022973662873,
    "precision": 0.4618529429447484,
    "recall": 0.9378357261451313,
    "f1": 0.6189121905237631,
    "auc": 0.6799810320980623,
    "pr_auc": 0.5890001945974555,
    "mcc": 0.23512731309376012,
    "best_threshold": 0.5432749390602112,
    "best_f1_on_val": 0.6189121905233209
  },
  "test_metrics": {
    "accuracy": 0.5243697344395681,
    "precision": 0.46001670170184583,
    "recall": 0.9386016451233843,
    "f1": 0.6174270972230275,
    "auc": 0.6807374633013159,
    "pr_auc": 0.5887100243452067,
    "mcc": 0.23327435666989704
  },
  "score": 0.5973251462085529
}