{
  "trial": 120,
  "bucketer": "none",
  "encoder": "last",
  "model_type": "mlp",
  "params": {
    "lstm_units": 64,
    "conv_filters": 64,
    "kernel_size": 5,
    "dropout": 0.14721341963055132,
    "lr": 0.003339990631628138,
    "batch_size": 32,
    "epochs": 13,
    "class_weight_pos": 5.867539459494841,
    "threshold": 0.5254483434933538
  },
  "val_metrics": {
    "accuracy": 0.8524590163934426,
    "precision": 0.8108108108108109,
    "recall": 0.821917808219178,
    "f1": 0.8163265306122449,
    "auc": 0.8455790784557908,
    "pr_auc": 0.733247185764959,
    "mcc": 0.6930931848218028,
    "best_threshold": 4.325605375024293e-26,
    "best_f1_on_val": 0.816326530611745
  },
  "test_metrics": {
    "accuracy": 0.793859649122807,
    "precision": 0.7472527472527473,
    "recall": 0.7391304347826086,
    "f1": 0.7431693989071039,
    "auc": 0.7831681585677749,
    "pr_auc": 0.6534753037253487,
    "mcc": 0.5710405999682219
  },
  "score": 0.6803835322798752
}