{
  "trial": 152,
  "bucketer": "kmeans",
  "encoder": "last",
  "model_type": "mlp",
  "params": {
    "lstm_units": 256,
    "conv_filters": 64,
    "kernel_size": 3,
    "dropout": 0.1290624639176973,
    "lr": 0.005480880316512327,
    "batch_size": 32,
    "epochs": 17,
    "class_weight_pos": 4.42442869177077,
    "threshold": 0.5382536097760169
  },
  "val_metrics": {
    "accuracy": 0.9234972677595629,
    "precision": 0.8390804597701149,
    "recall": 1.0,
    "f1": 0.9125,
    "auc": 0.9363636363636364,
    "pr_auc": 0.8390804597701149,
    "mcc": 0.8557385121951206,
    "best_threshold": 1.0,
    "best_f1_on_val": 0.9124999999995038
  },
  "test_metrics": {
    "accuracy": 0.8947368421052632,
    "precision": 0.7982456140350878,
    "recall": 0.9891304347826086,
    "f1": 0.883495145631068,
    "auc": 0.9145220588235293,
    "pr_auc": 0.7982646834477499,
    "mcc": 0.8045983573336705
  },
  "score": 0.8238338221027454
}