{
  "trial": 35,
  "bucketer": "prefix",
  "encoder": "index",
  "model_type": "bilstm",
  "params": {
    "lstm_units": 128,
    "conv_filters": 32,
    "kernel_size": 3,
    "dropout": 0.46350598937351195,
    "lr": 0.0018990052104844548,
    "batch_size": 32,
    "epochs": 9,
    "class_weight_pos": 6.472749674230675,
    "threshold": 0.5309123675282047
  },
  "val_metrics": {
    "accuracy": 0.5216911764705883,
    "precision": 0.5121378230227095,
    "recall": 0.9596478356566398,
    "f1": 0.6678580546336482,
    "auc": 0.5717231539297066,
    "pr_auc": 0.5443640936855739,
    "mcc": 0.0865675531234286,
    "best_threshold": 0.8348486423492432,
    "best_f1_on_val": 0.6678580546331944
  },
  "test_metrics": {
    "accuracy": 0.49669471153846156,
    "precision": 0.48806451612903223,
    "recall": 0.9450343535290443,
    "f1": 0.6436928313124867,
    "auc": 0.5586384378321743,
    "pr_auc": 0.5191822548815002,
    "mcc": 0.05162148486956307
  },
  "score": 0.5565354278107961
}