{
  "trial": 136,
  "bucketer": "kmeans",
  "encoder": "last",
  "model_type": "mlp",
  "params": {
    "lstm_units": 256,
    "conv_filters": 64,
    "kernel_size": 3,
    "dropout": 0.13379724418625316,
    "lr": 0.0032143991755602826,
    "batch_size": 32,
    "epochs": 26,
    "class_weight_pos": 4.209639891864591,
    "threshold": 0.5036138636981308
  },
  "val_metrics": {
    "accuracy": 0.9344262295081968,
    "precision": 0.8588235294117647,
    "recall": 1.0,
    "f1": 0.9240506329113924,
    "auc": 0.9699875466998754,
    "pr_auc": 0.9235044647163309,
    "mcc": 0.8747192062825488,
    "best_threshold": 0.9999573826789856,
    "best_f1_on_val": 0.9240506329108952
  },
  "test_metrics": {
    "accuracy": 0.8991228070175439,
    "precision": 0.8108108108108109,
    "recall": 0.9782608695652174,
    "f1": 0.8866995073891626,
    "auc": 0.931665601023018,
    "pr_auc": 0.8315616071662567,
    "mcc": 0.8086426095719926
  },
  "score": 0.8481029772331284
}