{
  "trial": 173,
  "bucketer": "prefix",
  "encoder": "last",
  "model_type": "mlp",
  "params": {
    "lstm_units": 256,
    "conv_filters": 64,
    "kernel_size": 3,
    "dropout": 0.1800785329744856,
    "lr": 0.005644702427971212,
    "batch_size": 32,
    "epochs": 18,
    "class_weight_pos": 4.175051478123243,
    "threshold": 0.5429663493633471
  },
  "val_metrics": {
    "accuracy": 0.9836065573770492,
    "precision": 0.9605263157894737,
    "recall": 1.0,
    "f1": 0.9798657718120806,
    "auc": 0.976587795765878,
    "pr_auc": 0.9181350876999633,
    "mcc": 0.9666075437015117,
    "best_threshold": 0.07834498584270477,
    "best_f1_on_val": 0.9798657718115807
  },
  "test_metrics": {
    "accuracy": 0.9429824561403509,
    "precision": 0.9438202247191011,
    "recall": 0.9130434782608695,
    "f1": 0.9281767955801105,
    "auc": 0.9728260869565217,
    "pr_auc": 0.9254135651478486,
    "mcc": 0.8812583714339283
  },
  "score": 0.9262425342775271
}