{
  "trial": 20,
  "bucketer": "state",
  "encoder": "index",
  "model_type": "bilstm",
  "params": {
    "lstm_units": 128,
    "conv_filters": 64,
    "kernel_size": 2,
    "dropout": 0.22568526060649352,
    "lr": 0.00013238729915658831,
    "batch_size": 32,
    "epochs": 24,
    "class_weight_pos": 4.68296652777423,
    "threshold": 0.3722551387184019
  },
  "val_metrics": {
    "accuracy": 0.8657717448972442,
    "precision": 0.7630287405709921,
    "recall": 0.9755835530813556,
    "f1": 0.8563131556669988,
    "auc": 0.9181418966992902,
    "pr_auc": 0.8409051339556461,
    "mcc": 0.7534324107111288,
    "best_threshold": 0.794533908367157,
    "best_f1_on_val": 0.8563131556665063
  },
  "test_metrics": {
    "accuracy": 0.8607809847198642,
    "precision": 0.7538825729019029,
    "recall": 0.9792205248726988,
    "f1": 0.8519023359629244,
    "auc": 0.9159935687137434,
    "pr_auc": 0.8368894896785093,
    "mcc": 0.7468295833031211
  },
  "score": 0.8413933435638338
}