{
  "trial": 125,
  "bucketer": "state",
  "encoder": "last",
  "model_type": "mlp",
  "params": {
    "lstm_units": 128,
    "conv_filters": 32,
    "kernel_size": 5,
    "dropout": 0.1576572110161849,
    "lr": 0.0039381925434339845,
    "batch_size": 32,
    "epochs": 25,
    "class_weight_pos": 4.151779020450617,
    "threshold": 0.31455189962189206
  },
  "val_metrics": {
    "accuracy": 0.9453551912568307,
    "precision": 0.8795180722891566,
    "recall": 1.0,
    "f1": 0.9358974358974359,
    "auc": 0.946637608966376,
    "pr_auc": 0.8619597111789026,
    "mcc": 0.8941822431133563,
    "best_threshold": 0.9615841507911682,
    "best_f1_on_val": 0.935897435896938
  },
  "test_metrics": {
    "accuracy": 0.9385964912280702,
    "precision": 0.89,
    "recall": 0.967391304347826,
    "f1": 0.9270833333333334,
    "auc": 0.9574808184143222,
    "pr_auc": 0.8928507582897636,
    "mcc": 0.8764789861732709
  },
  "score": 0.9031205308028345
}