{
  "trial": 15,
  "bucketer": "state",
  "encoder": "index",
  "model_type": "bilstm",
  "params": {
    "lstm_units": 128,
    "conv_filters": 64,
    "kernel_size": 3,
    "dropout": 0.266111412251915,
    "lr": 0.0005824309839732017,
    "batch_size": 64,
    "epochs": 13,
    "class_weight_pos": 6.91882833807815,
    "threshold": 0.49484539310323494
  },
  "val_metrics": {
    "accuracy": 0.8613271669819914,
    "precision": 0.7549239075227149,
    "recall": 0.9798564312921184,
    "f1": 0.852807735217553,
    "auc": 0.9127075050637501,
    "pr_auc": 0.8307873050687976,
    "mcc": 0.7479694745422802,
    "best_threshold": 0.8645179867744446,
    "best_f1_on_val": 0.8528077352170613
  },
  "test_metrics": {
    "accuracy": 0.8557997245090816,
    "precision": 0.7456158601830936,
    "recall": 0.9825891108499805,
    "f1": 0.8478554770676311,
    "auc": 0.910901178905958,
    "pr_auc": 0.8290285191096918,
    "mcc": 0.7403555748344541
  },
  "score": 0.8346766064970734
}