{
  "trial": 97,
  "bucketer": "prefix",
  "encoder": "last",
  "model_type": "mlp",
  "params": {
    "lstm_units": 128,
    "conv_filters": 64,
    "kernel_size": 5,
    "dropout": 0.16416234612892988,
    "lr": 0.008958514719805934,
    "batch_size": 32,
    "epochs": 23,
    "class_weight_pos": 4.381089705651742,
    "threshold": 0.38841321760716035
  },
  "val_metrics": {
    "accuracy": 0.8524590163934426,
    "precision": 0.7346938775510204,
    "recall": 0.9863013698630136,
    "f1": 0.8421052631578947,
    "auc": 0.7893524283935243,
    "pr_auc": 0.5607881378280176,
    "mcc": 0.7363096254170407,
    "best_threshold": 0.9981622695922852,
    "best_f1_on_val": 0.8421052631574054
  },
  "test_metrics": {
    "accuracy": 0.8377192982456141,
    "precision": 0.7272727272727273,
    "recall": 0.9565217391304348,
    "f1": 0.8262910798122066,
    "auc": 0.8155770460358056,
    "pr_auc": 0.6081937630915606,
    "mcc": 0.7017796532680629
  },
  "score": 0.6736229581077544
}