{
  "trial": 5,
  "bucketer": "none",
  "encoder": "index",
  "model_type": "bilstm",
  "params": {
    "lstm_units": 128,
    "conv_filters": 32,
    "kernel_size": 3,
    "dropout": 0.33417306755750587,
    "lr": 0.00018426302654673483,
    "batch_size": 32,
    "epochs": 10,
    "class_weight_pos": 9.65867976894749,
    "threshold": 0.6381772998385011
  },
  "val_metrics": {
    "accuracy": 0.5216911764705883,
    "precision": 0.5121378230227095,
    "recall": 0.9596478356566398,
    "f1": 0.6678580546336482,
    "auc": 0.5705985809835796,
    "pr_auc": 0.5401592012196019,
    "mcc": 0.0865675531234286,
    "best_threshold": 0.8757990598678589,
    "best_f1_on_val": 0.6678580546331944
  },
  "test_metrics": {
    "accuracy": 0.49669471153846156,
    "precision": 0.48806451612903223,
    "recall": 0.9450343535290443,
    "f1": 0.6436928313124867,
    "auc": 0.5585503704076094,
    "pr_auc": 0.5198255499591005,
    "mcc": 0.05162148486956307
  },
  "score": 0.5569857343651163
}