{
  "trial": 138,
  "bucketer": "kmeans",
  "encoder": "last",
  "model_type": "mlp",
  "params": {
    "lstm_units": 256,
    "conv_filters": 64,
    "kernel_size": 3,
    "dropout": 0.1500730130957224,
    "lr": 0.0028982506184438927,
    "batch_size": 32,
    "epochs": 25,
    "class_weight_pos": 3.5416687000949203,
    "threshold": 0.5213613166461408
  },
  "val_metrics": {
    "accuracy": 0.9508196721311475,
    "precision": 0.8902439024390244,
    "recall": 1.0,
    "f1": 0.9419354838709677,
    "auc": 0.9646326276463264,
    "pr_auc": 0.9048895330414687,
    "mcc": 0.9041049524069319,
    "best_threshold": 0.9735111594200134,
    "best_f1_on_val": 0.9419354838704694
  },
  "test_metrics": {
    "accuracy": 0.8859649122807017,
    "precision": 0.8,
    "recall": 0.9565217391304348,
    "f1": 0.8712871287128713,
    "auc": 0.9420556265984654,
    "pr_auc": 0.8829345162126299,
    "mcc": 0.7802978343025019
  },
  "score": 0.8794402999627022
}