{
  "trial": 76,
  "bucketer": "state",
  "encoder": "agg",
  "model_type": "mlp",
  "params": {
    "lstm_units": 128,
    "conv_filters": 64,
    "kernel_size": 5,
    "dropout": 0.13360972348248587,
    "lr": 0.007508794014486975,
    "batch_size": 32,
    "epochs": 26,
    "class_weight_pos": 4.60252378086471,
    "threshold": 0.31952799182759584
  },
  "val_metrics": {
    "accuracy": 0.8633879781420765,
    "precision": 0.7553191489361702,
    "recall": 0.9726027397260274,
    "f1": 0.8502994011976048,
    "auc": 0.8890410958904109,
    "pr_auc": 0.7565814095239982,
    "mcc": 0.7480224173714711,
    "best_threshold": 0.999090313911438,
    "best_f1_on_val": 0.8502994011971127
  },
  "test_metrics": {
    "accuracy": 0.8070175438596491,
    "precision": 0.7142857142857143,
    "recall": 0.8695652173913043,
    "f1": 0.7843137254901961,
    "auc": 0.8528612531969308,
    "pr_auc": 0.7246289876532885,
    "mcc": 0.6224440005606314
  },
  "score": 0.7425344090043609
}